Gd-St,DIDE,DIME,MIPA,PELO,DIOR,ONsp,PEMA,PETR,TotalCaps,SR
1101,4,,4,,1,,,,9,3
1102,1,,1,3,1,,,,6,4
1103,1,1,1,5,,,,,8,4
1104,2,,4,2,,,,,8,3
1105,3,2,1,1,,,,,7,4
1106,5,,1,2,,,,,8,3
1107,4,1,4,5,,,,,14,4
1108,2,,,,,,,,2,1
1109,1,,,1,,,,,2,2
1110,,,1,1,,,,,2,2
1111,,,3,,1,,,,4,2
1112,1,,1,1,1,,,,4,4
1113,1,1,1,1,2,,,,6,5
1114,3,1,,,2,,,,6,3
1115,,1,2,1,,,,,4,3
1116,2,1,,1,,,,,4,3
1201,1,,5,1,,,,,7,3
1202,2,2,2,1,,,,,7,4
1203,,2,1,3,1,,,,7,4
1204,,3,1,2,,,,,6,3
1205,4,,,,,,,,4,1
1206,3,2,2,2,,,,,9,4
1207,,2,2,1,,,,1,6,4
1208,2,1,2,1,,,,,6,4
1209,,,2,1,,,,,3,2
1210,2,,1,1,,,,,4,3
1211,1,1,,,,,,,2,2
1212,1,,1,,1,,,,3,3
1213,4,,2,,,,,,6,2
1214,,,1,4,,,,,5,2
1215,,1,1,3,,,,,5,3
1216,,,1,2,,,,1,4,3
1301,,,3,,,,,,3,1
1302,4,,,3,,,,,7,2
1303,3,,1,2,,,,,6,3
1304,3,,1,,,,,,4,2
1305,3,,,,,,,,3,2
1306,2,3,4,2,,,,,11,4
1307,1,7,,2,,,,,10,3
1308,1,3,2,2,,,,,8,4
1309,2,1,,3,,,,,6,3
1310,1,2,1,2,,,,,6,4
1311,,,1,,,,,,1,1
1312,1,1,1,1,,,,,4,4
1313,,1,1,4,,,,,6,3
1314,1,,3,,,,,,4,2
1315,,,2,2,,,,,4,2
1316,3,1,1,,,,,,5,3
1401,3,2,3,2,,,,,10,4
1402,3,,4,2,,,,,9,3
1403,1,2,5,,,,,,8,3
1404,,1,3,,,,,,4,2
1405,,,1,4,,,,,5,2
1406,,,1,5,,,,,6,2
1407,1,6,1,1,,,,,9,4
1408,2,1,2,3,,,,1,9,5
1409,,5,,3,,,,,8,3
1410,,1,3,2,,,,,6,3
1411,3,4,3,4,,,,,14,4
1412,1,,5,,1,,,,7,3
1413,,,4,3,,,,,7,2
1414,3,3,2,,,1,,,9,4
1415,3,2,2,1,,,,,8,4
1416,4,,2,1,1,,,,8,4
2101,1,,6,,,1,,,8,3
2102,7,,5,,,,,,12,2
2103,3,,1,1,1,,,,6,4
2104,3,1,,1,1,,,,6,4
2105,5,5,,3,1,,,,14,4
2106,3,2,1,2,,,,,8,4
2107,1,4,,5,,,,,10,3
2108,3,3,2,1,,,,,9,4
2109,,3,,3,,,,,6,3
2110,2,3,2,1,,,,,8,4
2111,,5,3,4,1,,,,13,4
2112,1,1,2,2,,,,,6,4
2113,3,,4,1,,,,,8,3
2114,1,3,4,,,1,,,9,4
2115,,7,3,1,,,,,11,3
2116,1,3,,5,,1,,,10,4
2201,,,3,,,,,,3,1
2202,2,,3,,,,,,5,2
2203,1,,1,1,,,,,3,3
2204,1,,,1,,1,,,3,3
2205,2,,2,1,1,,,,6,4
2206,,,,1,,,,,1,2
2207,1,1,1,,3,,,,6,4
2208,1,1,,4,,,,,6,4
2209,1,4,1,,,,,,6,3
2210,,3,,,,,,,3,1
2211,,1,4,2,,,,,7,3
2212,,1,1,,,,1,,3,3
2213,,,2,3,,,,,5,2
2214,2,1,,1,,,,,4,4
2215,,5,2,1,,,,,8,3
2216,,3,,3,,,,,6,2
2301,,,3,,,,,,3,1
2302,,,,,,,,,0,0
2303,,,1,2,,,,,3,2
2304,,,3,1,,,,,4,2
2305,2,1,,,,,,,3,2
2306,4,,1,1,,,,,6,3
2307,2,,1,1,,,,,4,3
2308,2,,1,2,,,,,5,3
2309,,1,3,,,,,,4,2
2310,,,2,4,,,,,6,2
2311,1,1,,3,,,,,5,3
2312,,,1,1,,,,,2,2
2313,1,2,,1,,,,,4,3
2314,,2,,1,,,,,3,3
2315,,9,3,3,,,,,15,3
2316,2,11,1,2,1,1,,,18,6
2401,2,,6,,,,,,8,2
2402,,,2,1,,,,,3,2
2403,,,3,,,,,,3,1
2404,1,,5,,,,,,6,2
2405,1,,2,1,,1,,,5,4
2406,4,,1,,,,,,5,2
2407,1,,1,1,,,,,3,3
2408,6,,1,,,,,,7,2
2409,,,3,1,,,,,4,2
2410,1,,2,,,,,,3,2
2411,1,,3,,,,,,4,2
2412,5,1,5,2,,,,,13,4
2413,2,1,2,2,,,,,7,4
2414,,7,1,5,1,,,,14,4
2415,5,4,,5,,,,,14,3
2416,1,8,2,3,,,,,14,4
3101,,,2,1,,,,,3,2
3102,,,3,,,,,,3,1
3103,,,2,,,,1,,3,2
3104,,,4,,,,,,4,1
3105,,,2,,,,,,2,1
3106,,,2,,,,,,2,1
3107,,,7,,,,,,7,1
3108,1,,3,,,,,,4,2
3109,1,,2,,,,,,3,2
3110,,,2,2,,,,,4,2
3111,1,,1,7,,,,,9,3
3112,4,,2,5,,1,,,12,4
3113,1,2,1,4,,,,,8,4
3114,1,3,3,3,1,,,,11,5
3115,1,,3,3,1,,,,8,4
3116,,2,6,2,,,,,10,3
3201,,,4,,,,,,4,1
3202,,,1,,,,,,1,1
3203,,,1,,,,,,1,1
3204,,,2,,,,1,,3,2
3205,,,1,,,,,,1,1
3206,,,,,,,,,0,0
3207,,,1,,,,,,1,1
3208,,,3,,,,,,3,1
3209,,,,2,,,,,2,1
3210,,,,2,,,,,2,1
3211,2,,1,2,,,,,5,3
3212,3,2,,,,,,,5,2
3213,,,1,,,,,,1,1
3214,2,1,,3,,,,,6,3
3215,2,1,2,,,,,,5,3
3216,1,5,3,5,,1,,,15,5
3301,,,3,,,,,,3,1
3302,,,,,,,,,0,0
3303,,,1,,,,,,1,1
3304,,,1,,,,,,1,1
3305,1,,,,,,,,1,1
3306,,,2,1,,,,,3,2
3307,,,2,,,,,,2,1
3308,3,,1,1,,,,,5,3
3309,,,2,5,,,,,7,2
3310,1,,,,,,,,1,1
3311,1,1,1,2,,,,,5,4
3312,,5,1,4,,,,,10,3
3313,,1,1,2,,,,,4,3
3314,,6,1,2,,,,,9,3
3315,,1,2,2,,,,,5,3
3316,,4,3,6,,,,,13,3
3401,,1,3,1,,,,,5,3
3402,,,,2,,,,,2,1
3403,,,,,,,,,0,0
3404,2,,,,,1,,,3,2
3405,4,,1,,,,,,5,2
3406,2,,4,1,,,,,7,3
3407,,,1,2,,,,,3,2
3408,,,4,1,,,,,5,2
3409,2,,3,3,,,,,8,3
3410,,2,4,3,,,,,9,3
3411,2,3,,2,,,,,7,3
3412,,4,,,,,,,4,1
3413,,2,3,2,,,,,7,3
3414,,,5,2,,,,,7,2
3415,1,2,2,3,,,,,8,4
3416,,1,1,9,,,,,11,3
4101,,1,1,,,,,,2,2
4102,2,,,5,3,1,,,11,4
4103,2,4,,,,,,,6,2
4104,,1,,7,,,,,8,2
4105,3,3,,2,,,,,8,3
4106,,3,1,,1,,,,5,3
4107,,7,,3,1,,,,11,3
4108,,3,1,10,4,,,,18,4
4109,2,6,1,2,,,,,11,4
4110,,10,,3,,,,,13,2
4111,,1,4,9,,,,1,15,4
4112,,6,1,,,,,,7,2
4113,,6,1,3,1,,,,11,4
4114,1,11,,2,,,,,14,3
4115,2,7,1,4,,,,,14,4
4116,,5,4,1,,,,,10,3
4201,,,1,,3,,,,4,2
4202,,,,3,4,,,,7,2
4203,,2,,2,1,,,,5,3
4204,1,,1,4,,,,,6,3
4205,1,1,,2,,,,,4,3
4206,,,,1,2,,,1,4,3
4207,1,1,,3,1,,,,6,4
4208,,,,4,,,,,4,1
4209,,,1,1,,,,,2,2
4210,,2,1,2,,,,,5,3
4211,,3,2,1,,,,,6,3
4212,,,4,,,,,,4,1
4213,1,3,,,,,,,4,2
4214,2,1,,4,,,,,7,3
4215,1,5,1,2,1,1,,,11,6
4216,,2,2,6,1,,,,11,4
4301,,,1,1,,1,,,3,3
4302,,2,1,3,1,,,,7,4
4303,,,1,2,,,,,3,2
4304,,,1,3,,,,1,5,3
4305,3,1,,1,,,,,5,3
4306,3,,,3,1,,,,7,3
4307,,,,4,,,,,4,1
4308,,,,2,1,,,,3,2
4309,,,,2,,,,,2,1
4310,,,1,4,,,,,5,2
4311,,1,,3,,,,,4,2
4312,1,,,,,1,,,2,2
4313,3,,1,1,,,,,5,3
4314,1,6,1,4,,,,,12,4
4315,4,1,1,4,,,,,10,4
4316,1,7,1,2,2,1,,,14,6
4401,,2,5,,,,,,7,2
4402,1,2,1,3,,,,,7,4
4403,,,,6,,,,,6,1
4404,5,,,2,,,,,7,2
4405,4,,1,3,,,,,8,3
4406,1,,1,2,1,,,,5,4
4407,1,,,2,,,,,3,2
4408,,,,1,2,,,,3,2
4409,,1,3,1,,,,,5,3
4410,,,,,,,,,0,0
4411,,,3,,,,,,3,1
4412,1,1,,,,,,,2,2
4413,2,1,,3,,,,,6,3
4414,,3,1,1,,,,,5,3
4415,2,2,,2,2,,,,8,3
4416,,2,2,4,2,,,1,11,5
5101,,,5,2,,,,,7,2
5102,,,,2,,,,,2,1
5103,1,,1,1,,,,,3,3
5104,1,,3,,,,,,4,2
5105,,,4,,,,,,4,1
5106,,9,,4,,,,,13,2
5107,,2,,1,,,,,3,2
5108,,2,2,5,,,,,9,3
5109,,2,,2,,,,,4,2
5110,1,5,5,4,,,,,15,4
5111,1,,4,3,,,,,8,3
5112,,3,3,,,,,,6,2
5113,,3,1,2,,,,,6,3
5114,,3,1,11,,,,,15,3
5115,,5,,5,,,,,10,2
5116,,11,,5,,,,,16,2
5201,,,,3,,,,,3,1
5202,1,,1,3,,,,,5,3
5203,3,,1,1,,,,,5,3
5204,1,,,2,,,,,3,2
5205,1,,1,3,1,,,,6,4
5206,,2,1,4,,2,,,9,4
5207,,3,,1,,,,,4,2
5208,1,,,1,,,,,2,2
5209,,1,1,2,,,,,4,3
5210,,3,1,4,,,,,8,3
5211,,1,3,5,,2,1,,12,5
5212,,2,2,4,,,,,8,3
5213,,5,1,4,,,,,10,3
5214,,5,1,,,,,,6,2
5215,,3,1,6,,,,,10,3
5216,,8,2,7,,1,,,18,4
5301,,,,4,,,,,4,2
5302,,,1,,,,,,1,1
5303,,,1,1,,,,1,3,3
5304,2,,1,2,,,,,5,3
5305,3,1,1,2,,,,,7,4
5306,1,1,2,1,,,,,5,4
5307,,1,1,3,1,,,,6,4
5308,3,1,1,1,,,,,6,4
5309,,,2,,,,,,2,1
5310,,,3,1,,,,,4,2
5311,,2,2,2,,,,,6,3
5312,,4,1,1,,1,,,7,4
5313,,7,1,1,,,,,9,3
5314,,4,2,4,,,,,10,3
5315,,2,,1,,,,,3,2
5316,,3,,5,,,,,8,2
5401,2,,,9,,,,,11,2
5402,5,,5,3,,,,,13,3
5403,2,,,,,,,,2,1
5404,1,,2,,,,,,3,2
5405,1,,1,4,,,,,6,3
5406,5,,1,1,,,,,7,3
5407,3,,2,5,,,,,10,3
5408,,,2,7,,,1,,10,3
5409,,4,2,4,,,,,10,3
5410,,5,,5,,,,,10,2
5411,,3,2,2,,,,,7,3
5412,,7,1,,,,,,8,2
5413,,11,2,1,,,,,14,3
5414,,8,1,,,,,,9,2
5415,,1,,6,,,,,7,2
5416,,9,,8,,,,,17,2
6101,1,3,1,,,,,,5,3
6102,,1,1,3,,,,,5,3
6103,,1,,3,,,,,4,2
6104,1,5,2,4,,,,,12,4
6105,4,,1,1,,,,,6,3
6106,3,,2,1,1,,,,7,4
6107,1,2,2,,,,,,5,3
6108,,,2,1,,,,,3,2
6109,2,1,1,1,,,,,5,4
6110,1,2,3,2,1,,,,9,5
6111,1,,3,4,,,,,8,3
6112,1,1,,4,,,,,6,3
6113,,7,,2,,,,,9,2
6114,,5,1,1,,,,,7,3
6115,1,2,,,,,,,3,2
6116,2,1,2,3,,,,,8,4
6201,1,3,,2,,,,,6,3
6202,,1,1,4,,,,,6,3
6203,1,,,1,,,,,2,2
6204,1,,,,,,,,1,1
6205,,,2,,,,,,2,1
6206,,,,1,,,,,1,1
6207,,,1,1,,,,,2,2
6208,,,1,,,,,,1,1
6209,2,,1,1,,,,,4,3
6210,,,1,,,,,,1,1
6211,,3,,,,,,,3,1
6212,,1,,,,,,,1,1
6213,,1,,,,,,,1,1
6214,,2,,3,,,,,5,2
6215,,1,,6,,,,,7,2
6216,,,,5,,1,,,6,2
6301,,6,1,2,,,,,9,3
6302,,2,,1,,,,,3,2
6303,,,2,4,,,,,6,2
6304,,,1,1,,,,,2,2
6305,1,,1,,,,,,2,2
6306,,,,,,,,,0,0
6307,1,,1,,,,,,2,2
6308,2,,,,,,,,2,1
6309,,,1,,,,,,1,1
6310,,,1,1,,,,,2,2
6311,,,,2,,,,,2,1
6312,,4,,1,,,,,5,2
6313,,1,,1,,,,,2,2
6314,,5,,2,,,,,7,2
6315,,,1,5,,,,,6,2
6316,,3,,3,,,,,6,2
6401,,3,2,2,,,,,7,3
6402,1,1,2,3,,,,,7,4
6403,,2,4,4,,,,,10,3
6404,4,1,3,1,,,,,9,4
6405,,,3,1,,,,,4,2
6406,1,,6,,,,,,7,2
6407,2,,4,,,,,,6,2
6408,5,1,1,,,,,,7,3
6409,3,,2,2,,,,,7,3
6410,1,1,2,1,,,,,5,4
6411,,1,1,5,,,,,7,3
6412,,,1,6,,,1,,8,3
6413,,2,3,5,,,,,10,3
6414,,4,,5,,,,,9,2
6415,,8,1,3,,,,,12,3
6416,,8,2,5,,,,,15,3
7101,,1,2,1,,,,,4,3
7102,2,,1,2,1,,,,6,4
7103,1,,6,,,,,,7,2
7104,5,,3,,,,,,8,2
7105,1,,5,3,,,,,9,3
7106,3,,4,2,,,,,9,3
7107,1,,4,1,,,,,6,3
7108,2,,1,2,,,,,5,3
7109,,3,2,3,,,,,8,3
7110,4,,,4,,,,,8,2
7111,3,,2,2,,,,,7,3
7112,,,2,1,,,,,3,2
7113,2,3,2,2,1,,,,10,5
7114,2,,2,1,4,,,,9,4
7115,2,3,3,,2,,,,10,4
7116,1,4,3,,3,,,,11,4
7201,4,,2,4,,,,,10,3
7202,3,,1,1,,,,,5,3
7203,5,,1,3,,,,,9,3
7204,4,,,,,,,,4,1
7205,,,3,4,,,,1,8,3
7206,2,,,3,,,,,5,2
7207,1,1,1,3,,,,,6,4
7208,1,,1,4,,,,,6,3
7209,2,,5,4,,,,,11,3
7210,1,,,2,1,,,,4,3
7211,2,,,,1,,,,3,2
7212,2,,2,,3,,,,7,3
7213,1,,1,2,,,,,4,3
7214,,,3,2,,,,1,6,4
7215,1,1,2,3,,,,,7,5
7216,2,,3,3,,,,1,9,4
7301,,,,3,,,,,3,1
7302,2,,1,,,,,,3,2
7303,,,1,1,,,,,2,2
7304,2,,1,,,,,,3,2
7305,,,,2,,1,,,3,2
7306,,,1,,,,,,1,1
7307,,,1,2,,,,,3,2
7308,1,,,1,,,,,2,2
7309,2,,,5,,,,,7,2
7310,1,,2,2,1,,,,6,4
7311,,,2,,,,,,2,1
7312,,,2,,2,,,,4,3
7313,2,1,,2,,,,,5,3
7314,,2,5,1,,,,,8,3
7315,,1,2,2,,,,,5,3
7316,,1,2,4,,,,,7,3
7401,7,,2,3,,,,,12,3
7402,,,2,,1,,,,3,2
7403,1,,3,1,,,,,5,3
7404,3,,4,2,,,,,9,3
7405,2,,,3,,,,,5,2
7406,3,,4,,,,,,7,2
7407,1,,3,1,,,,,5,3
7408,2,,1,,,,,,3,2
7409,,2,1,,,,,,3,2
7410,,,4,2,1,,,,7,3
7411,2,,6,,2,,,,10,3
7412,1,,3,1,2,,,,7,4
7413,1,,1,2,2,,,,6,4
7414,2,,3,1,,,,,6,3
7415,1,1,4,6,,,,,12,4
7416,3,4,1,1,,1,,,10,5
8101,2,,2,,,,,,4,2
8102,2,,3,1,,,,,6,3
8103,3,,2,,,,,,5,2
8104,1,2,1,,,,,,4,3
8105,2,,2,1,1,,,,6,4
8106,2,,,2,,,,,4,2
8107,1,,,,1,,,,2,2
8108,1,,3,2,1,,,,7,4
8109,,,4,4,,,,,8,2
8110,1,,,1,1,,,,3,3
8111,1,,,1,,,,,2,2
8112,2,,1,,,,,,3,2
8113,2,,3,,,,,,5,2
8114,,,1,2,1,,,,4,3
8115,,,2,1,,,,,3,2
8116,2,,1,2,,,,1,6,5
8201,,,4,1,,,,,5,2
8202,,,2,,,,,,2,1
8203,1,,2,,1,1,,,5,4
8204,,,,4,,,,1,5,2
8205,,,1,,,,,,1,1
8206,1,,2,2,,,,,5,3
8207,2,,1,3,,,,,6,3
8208,1,,,,1,,,,2,2
8209,,,,,1,,,,1,1
8210,,,1,1,1,,,,3,3
8211,,,1,1,,,,,2,2
8212,2,,1,1,,,,,4,3
8213,,,,,,,,,0,1
8214,,,6,,,,,,6,1
8215,1,,3,2,1,,,,7,4
8216,,,4,,3,,,,7,2
8301,1,,3,1,,,,,5,3
8302,,,,3,,,,,3,1
8303,1,,,,,,,,1,1
8304,2,1,2,3,1,,,,9,5
8305,2,,1,,,,,,3,2
8306,3,,1,1,,,,,5,3
8307,,,1,,,,,,1,1
8308,,,,5,,,,,5,1
8309,,,1,,,,,,1,1
8310,1,,1,,,,,,2,2
8311,,,1,,1,1,,,3,3
8312,,,1,2,,,,,3,2
8313,,,,1,2,,,,3,2
8314,,,1,2,2,,,,5,3
8315,,,1,,,,1,,2,2
8316,,,2,1,2,,,1,6,4
8401,1,,2,3,,,,,6,3
8402,1,,,1,1,,,,3,3
8403,,,1,1,,,,,2,2
8404,3,,3,2,,,,,8,3
8405,2,,1,1,,,,,4,3
8406,1,,2,,,,,,3,2
8407,,,,,,,,,0,0
8408,,,5,,1,,,,6,2
8409,,,3,1,,,,,4,2
8410,,,4,,,,,,4,1
8411,,,2,,,,,,2,1
8412,,1,,,,,,,1,2
8413,2,,1,3,,,,2,8,4
8414,1,,3,,,,,,4,2
8415,,,4,1,1,,,,6,3
8416,2,,3,,,,,1,6,3
11101,1,,4,1,1,,,,7,4
11102,2,1,1,2,,,,,6,4
11103,,,,2,1,,,,3,2
11104,,,4,,2,,,,6,2
11105,,1,1,,,,,1,3,3
11106,2,,2,,,,,,4,2
11107,1,2,7,,,,,,10,3
11108,1,,3,1,,,,,5,3
11109,3,,1,1,2,,,,7,4
11110,,1,3,1,,3,,,8,4
11111,1,4,,1,,,,,6,3
11112,2,6,,5,1,,,,14,4
11113,,4,,7,,,,,11,2
11114,,5,,4,,,,,9,2
11115,,13,,2,,,,1,16,3
11116,,2,,5,,,,,7,2
11201,3,,,5,,,,,8,2
11202,,,2,4,,,,,6,2
11203,1,1,2,3,,,,,7,4
11204,,,1,2,,,,,3,2
11205,,,,,,,,,0,0
11206,,1,2,1,,1,1,,6,5
11207,1,,1,1,,,,,3,3
11208,2,,1,,,,,,3,2
11209,1,,1,,1,,,,3,3
11210,1,1,2,4,,,,,8,4
11211,,1,,1,,,,,2,2
11212,1,6,,2,,,,,9,3
11213,,1,1,2,,,,,4,3
11214,,6,,5,,,,1,12,3
11215,,4,3,2,,,,,9,3
11216,,6,1,3,,,,1,11,4
11301,,,,1,,,,,1,1
11302,,,1,6,,,,,7,2
11303,,2,,3,2,,,,7,3
11304,,,,1,1,,1,,3,3
11305,,,,1,1,,,,2,2
11306,1,,,,,,,,1,2
11307,2,,1,,1,,,,4,3
11308,,,1,1,,,,,2,1
11309,,1,,3,1,,,,5,3
11310,,,1,2,,,,,3,2
11311,1,,,1,,,,,2,2
11312,,2,,3,,,,,5,2
11313,,1,2,2,,,,,5,3
11314,,2,,5,1,,,,8,3
11315,,4,,2,,,,,6,2
11316,,2,1,3,,1,,,7,4
11401,1,,,1,,,,,2,2
11402,1,1,,2,,,,,4,3
11403,,2,1,4,5,1,,,13,5
11404,,,,2,2,,,,4,2
11405,2,,1,2,1,,,,6,4
11406,,,,4,,,,1,5,2
11407,2,,1,2,1,,,,6,4
11408,1,,1,1,1,,,,4,4
11409,1,,,2,4,1,,,8,4
11410,2,,2,2,2,1,,,9,5
11411,,2,,4,1,,,,7,3
11412,,7,1,5,,,,,13,3
11413,,3,1,5,,,,,9,3
11414,,3,,4,,,,,7,2
11415,,4,,2,,,,,6,2
11416,,3,1,3,,1,,,8,4
12101,1,,2,,,,,,3,2
12102,,,2,,,,,,2,1
12103,,,1,,1,,,,2,2
12104,2,,1,,1,,,,4,3
12105,4,,,2,,,,,6,2
12106,,,,,,,,,0,0
12107,1,,,,1,,,,2,2
12108,2,,2,,1,,,,5,3
12109,,,,,,,,,0,0
12110,,,,,,,1,,1,1
12111,,,,,,,,,0,0
12112,,,2,,,,,,2,1
12113,1,,,,,,,,1,1
12114,,,1,,,,,,1,1
12115,2,,2,1,,,,,5,3
12116,3,,3,1,,,,,7,3
12201,1,,1,1,,,,,3,3
12202,1,,,,1,,,,2,2
12203,4,,2,,,,,,6,2
12204,1,,,1,1,,,,3,3
12205,1,,,,1,,,,2,2
12206,3,,2,,,,,,5,2
12207,,,,,,,,,0,0
12208,2,,,1,,,,,3,2
12209,2,1,,,,,,,3,2
12210,1,,,1,,,,,2,2
12211,,,,,,,,,0,0
12212,4,,1,,,,,,5,2
12213,1,,1,,,,,,2,2
12214,,,,,,,,,0,0
12215,2,,1,,,,,,3,2
12216,2,,,,1,,,,3,2
12301,,,2,,2,,,,4,2
12302,3,,,,,,,,3,1
12303,,,3,,,,,,3,1
12304,,,,2,1,,,,3,2
12305,,,,,,,,,0,0
12306,,,2,,,,,,2,1
12307,,,2,,,,,,2,1
12308,,,2,,1,,,,3,2
12309,1,,,,,,,,1,1
12310,1,,,,,,,,1,1
12311,,,,,1,,,,1,1
12312,,,,,,,,,0,0
12313,1,,,,,,,,1,1
12314,1,,1,1,,,,,3,3
12315,1,,,1,,,,,2,2
12316,,,2,,,,,,2,1
12401,1,,4,,,,,,5,2
12402,1,,1,1,,,,,3,3
12403,,,1,1,,,,,2,2
12404,,1,2,,,,,,3,2
12405,,,1,,3,,,,4,2
12406,,,1,,1,,,,2,2
12407,,,,,1,,,,1,1
12408,,,1,1,,,,,2,2
12409,3,,1,,,,,,4,2
12410,1,,1,,,,,,2,2
12411,1,,2,,,,,,3,2
12412,1,,2,,,,,,3,2
12413,2,,1,,,,,,3,2
12414,,,2,,,,,,2,1
12415,2,,2,1,,,,,5,3
12416,1,,3,,,,,,4,2
13101,1,,3,2,,1,,,7,4
13102,3,,,2,,,,,5,2
13103,4,,,,,,,,4,1
13104,2,,,,,,,,2,1
13105,1,,,1,,,,,2,2
13106,2,1,1,1,,,,,5,4
13107,1,,1,,1,,,,3,3
13108,,,,,,,,,0,0
13109,1,,1,1,1,1,,,5,5
13110,,1,1,2,,,,,4,3
13111,,2,1,2,,,,,5,3
13112,3,2,,2,,,,,7,3
13113,5,,,2,3,,,,10,3
13114,4,,,,,,1,,5,2
13115,1,3,,4,,,,,8,3
13116,4,,,2,,2,,,8,3
13201,3,,,2,,,,,5,2
13202,,,1,5,,,1,,7,3
13203,,4,1,2,,,,,7,3
13204,,,,,1,2,1,,4,3
13205,,,1,1,,,,,2,2
13206,,,1,1,,,,,2,2
13207,,,1,,,,,,1,1
13208,,,,2,,,,,2,1
13209,2,,1,2,1,,,,6,4
13210,1,,1,,,,,,2,2
13211,,1,,3,,,,,4,2
13212,2,,,2,,,,,4,2
13213,,,,1,1,,,,2,2
13214,1,,2,1,2,,,,6,4
13215,2,1,1,,,,,,4,3
13216,3,,1,3,,,,,7,3
13301,1,,1,6,,,,,8,3
13302,,,,2,,,,,2,1
13303,,6,1,3,,,,,10,3
13304,,,1,3,,,,,4,2
13305,,,,,,1,,,1,1
13306,,,,,,,,,0,0
13307,,,1,3,,,,,4,2
13308,2,,2,1,,,,,5,3
13309,1,1,1,3,,,,,6,4
13310,,1,,1,,,1,,3,3
13311,,1,1,1,,,1,,4,4
13312,2,,1,2,,,,,5,3
13313,1,1,,1,1,,,,4,4
13314,,,,,,,,,0,0
13315,1,,,1,,,,,2,2
13316,3,,,3,,,,,6,2
13401,1,,,7,1,,1,,10,4
13402,1,,,4,,,,,5,2
13403,,,,6,,,,,6,1
13404,,1,,1,,,,,2,2
13405,,,,2,1,,,,3,2
13406,,3,,1,3,,,,7,3
13407,1,,,1,,,1,,3,3
13408,1,,,3,,,,,4,2
13409,2,1,,3,,,,,6,3
13410,,2,,2,2,,,,6,3
13411,2,,1,2,,,,,5,3
13412,3,,,2,,,,,5,2
13413,1,,1,2,,,,,4,3
13414,2,,,,,,,,2,1
13415,1,,1,5,1,,,,8,4
13416,,3,1,2,,,,,6,3
14101,,,2,,2,,1,,5,3
14102,,,,,,,,,0,0
14103,1,,1,,1,,,,3,3
14104,,,,1,,,,,1,1
14105,2,,,,,1,,,3,2
14106,2,1,,1,1,,,,5,4
14107,,,,1,,1,,,2,2
14108,3,,,,,,,,3,1
14109,,1,,5,,,,,6,2
14110,1,,2,1,1,,,,5,4
14111,1,,1,1,,,,,3,3
14112,2,,1,1,,,,,4,3
14113,2,1,,,3,,1,,7,4
14114,1,,,1,,,,,2,2
14115,3,,1,,1,,,,5,3
14116,4,,1,2,1,,,,8,4
14201,,,,2,,,,,2,1
14202,1,,,,1,,,,2,2
14203,,,,,,,,,0,0
14204,,,,,,,,,0,0
14205,2,2,,,,,,,4,2
14206,1,1,,,,,,,2,2
14207,3,2,,,,,,,5,2
14208,1,,,,,,,,1,1
14209,,1,,,,,,,1,1
14210,2,,,,1,,,,3,2
14211,,,,,,,,,0,0
14212,,,,2,,,,,2,1
14213,3,,,2,,,,,5,2
14214,1,,,,,1,,,2,2
14215,,,,1,,,,,1,1
14216,,,2,,3,,,,5,2
14301,,,,3,,,,,3,1
14302,1,,,,1,,,,2,2
14303,1,1,,2,1,,,,5,4
14304,1,3,1,1,3,,,,9,5
14305,,,1,1,,,,,2,2
14306,1,1,,3,,,,,5,3
14307,1,3,,2,,,,,6,3
14308,,2,,3,,,,,5,2
14309,1,1,3,,,,2,,7,4
14310,1,,,,,,,,1,1
14311,,1,1,2,,,,,4,3
14312,,2,,,,,,,2,1
14313,3,,2,1,,,,,6,3
14314,1,,,,,,,,1,1
14315,2,,1,,1,,,,4,3
14316,2,,2,2,,,,,6,3
14401,2,1,,2,1,,,,6,4
14402,,,2,1,,1,,,4,4
14403,3,1,,,,,,,4,2
14404,2,,,,,,,1,3,2
14405,,,,1,,,,,1,1
14406,,1,,1,1,,,,3,3
14407,,,1,1,1,,,,3,3
14408,1,2,,5,,1,,,9,4
14409,,,,2,1,,,,3,2
14410,,,,,1,,,,1,1
14411,,,1,3,3,,,,7,3
14412,,,,4,,,,,4,1
14413,1,2,1,2,,,,,6,4
14414,,3,1,,1,,,,5,3
14415,3,1,1,1,,,,,6,4
14416,,,4,3,,,,1,8,3
15101,2,,2,1,,3,,,8,4
15102,3,,1,,,,,,4,2
15103,1,2,1,1,,,,,5,4
15104,4,,,3,,,,,7,2
15105,3,,,3,2,,,,8,3
15106,2,,,7,,,,,9,2
15107,,,3,,2,1,,,6,3
15108,,,,2,,,,,2,1
15109,1,1,1,4,,,,,7,4
15110,1,2,,1,,,,,4,3
15111,1,3,,1,1,1,,,7,5
15112,,1,1,5,,,,,7,3
15113,,4,1,6,,,,,11,3
15114,,2,1,,,,,,3,2
15115,,6,2,5,,,,,13,3
15116,,6,,2,,,,,8,2
15201,3,,1,2,,,,,6,3
15202,,,,4,,,,,4,1
15203,1,1,,1,,,,,3,3
15204,1,,1,1,,,,,3,3
15205,,,1,1,,,,,2,2
15206,1,2,,2,,,,,5,3
15207,,1,,1,,1,,,3,3
15208,1,,,1,2,,,,4,3
15209,,,,1,,,,,1,1
15210,,,,1,,,,,1,1
15211,,,,2,,,,,2,1
15212,,2,,2,,,,,4,2
15213,1,4,,4,,,,,9,3
15214,,2,1,3,,,2,,8,4
15215,,3,1,3,,,,,7,3
15216,,3,1,2,,,,,6,3
15301,1,,3,2,,,,,6,3
15302,1,,3,,,,,,4,2
15303,,1,,2,,,,,3,2
15304,,2,,,,,,,2,1
15305,2,1,1,,,,,,4,3
15306,,,2,2,,,,,4,2
15307,1,,2,,,,,,3,2
15308,3,,2,1,1,,,,7,4
15309,1,,3,1,,,,,5,3
15310,,,1,2,1,,,,4,3
15311,,,2,3,1,,,,6,3
15312,,2,,4,,,,,6,2
15313,,5,,,,,,,5,1
15314,,3,,1,,,,,4,2
15315,,4,,2,,,,,6,2
15316,,2,,4,,1,,,7,3
15401,3,,,2,,,,,5,2
15402,1,,3,1,,,,,5,3
15403,1,,,4,,,,,5,2
15404,,3,1,2,,,,,6,3
15405,1,1,,3,,,,,5,3
15406,2,1,,1,1,,,,5,4
15407,2,,,2,,,,,4,2
15408,2,,1,3,,,,,6,3
15409,1,1,3,3,,,,,8,4
15410,,,4,3,,,,,7,2
15411,,2,1,1,,,,,4,3
15412,,2,4,5,,,,,11,3
15413,,6,,2,,,,,8,2
15414,,5,1,3,,1,,,10,4
15415,,3,,6,,3,,,12,3
15416,,5,,2,,,,,7,2
16101,,5,,2,,,,,7,2
16102,,2,,3,,1,,,6,3
16103,,3,,3,1,1,,,8,4
16104,,4,2,,1,,,,7,3
16105,,,,7,,,,,7,1
16106,,,5,2,,,,,7,2
16107,,,3,2,1,,,,6,3
16108,2,,3,1,1,,,,7,4
16109,1,,1,,,,,,2,2
16110,1,,1,,,,,,2,2
16111,,,4,1,,,,,5,2
16112,,1,,1,,1,,,3,3
16113,,,2,1,,,,,3,2
16114,,,1,1,,,,,2,2
16115,2,,2,1,1,,,,6,4
16116,1,,1,1,3,,,,6,4
16201,1,1,,5,,,,,7,3
16202,,2,,3,,,,,5,2
16203,,3,,1,,,,,4,2
16204,,,2,,,,,,2,1
16205,,,1,3,1,,,,5,3
16206,,,2,1,,,,,3,2
16207,,,3,2,,,,,5,2
16208,,,,2,,,,,2,1
16209,1,,,1,,,,,2,2
16210,2,,,1,,,,,3,2
16211,,1,,2,,,,,3,2
16212,,2,2,2,,,,,6,3
16213,,1,,3,,,,,4,2
16214,,,,5,,,,,5,1
16215,2,,,1,,,,,3,2
16216,2,,2,1,,,,,5,3
16301,,4,,2,,1,,,7,3
16302,,4,,2,,1,,,7,3
16303,1,,,1,,,,,2,2
16304,,1,,2,,1,,,4,3
16305,,3,1,3,,,,,7,3
16306,,,,2,,,,,2,1
16307,2,2,,3,,,,,7,3
16308,1,1,,1,,,,1,4,4
16309,3,1,1,1,,,,,6,4
16310,,1,1,1,,,,,3,3
16311,,2,,,,,,,2,1
16312,1,2,1,1,,,,,5,4
16313,,2,1,2,,,,,5,3
16314,1,,1,,,,,,2,2
16315,1,,1,4,,,,,6,3
16316,,1,2,4,1,,,,8,4
16401,,3,,,,1,,,4,2
16402,,6,,5,,,,,11,2
16403,1,4,,7,,1,,,13,4
16404,2,3,2,1,,,,,8,4
16405,,4,2,1,,1,,,8,4
16406,,5,1,3,,,,,9,3
16407,1,4,,1,,,,,6,3
16408,4,,,2,,,,,6,2
16409,,1,4,3,,,,,8,3
16410,1,,5,1,1,,,,8,4
16411,,1,1,1,1,,,,4,4
16412,,2,1,1,2,,,,6,6
16413,,1,4,,,,,,5,2
16414,2,,2,3,,,,,7,3
16415,1,,,2,1,,,,4,3
16416,,1,2,6,,1,,,10,4
17101,4,,,,,,,,4,1
17102,2,,2,,,,,,4,2
17103,2,,1,,,,,,3,2
17104,2,,,1,,,,,3,2
17105,5,,,1,,,,,6,2
17106,2,,3,,,,,,5,2
17107,1,,2,,,,,,3,2
17108,1,,3,2,,,,,6,3
17109,1,1,2,2,,,,,6,4
17110,,,3,1,,,,,4,2
17111,,,1,2,,,,,3,2
17112,,,1,3,,,,,4,2
17113,,4,2,,,,,,6,2
17114,,2,1,,,,1,,4,3
17115,,3,,4,1,,,,8,3
17116,,6,1,6,1,,,,14,4
17201,5,,1,1,,,,,7,3
17202,1,,3,,,,,,4,2
17203,,,2,,,,,,2,1
17204,,,,,,,,,0,0
17205,,,,1,,,,,1,1
17206,2,,1,2,,,,,5,3
17207,,,2,1,,,,,3,2
17208,,,,3,,,,,3,1
17209,1,,1,3,,1,,,6,4
17210,,,1,1,,,,,2,2
17211,,,2,,,,,,0,0
17212,,,,,,,,,0,1
17213,,,,1,,,1,,2,2
17214,,1,,1,,,,,2,2
17215,,,,1,1,,,2,4,3
17216,,1,2,5,,,,,8,3
17301,1,,,2,,,,,3,2
17302,3,,,,,,,,3,1
17303,1,,,2,,,,,3,2
17304,,,1,2,,,,,3,2
17305,1,,,,,,,,1,1
17306,,,1,,,,,,1,1
17307,,,,1,,,,,1,1
17308,1,,,1,1,,,,3,3
17309,1,,,2,,,,,3,2
17310,3,,,,,,,,3,1
17311,1,,,4,,,,1,6,3
17312,1,1,1,,,,,,3,3
17313,,,,3,,,,,3,1
17314,1,2,4,1,,,,,8,4
17315,,1,2,1,,,,,4,3
17316,1,1,4,3,,,,,9,4
17401,6,,,,,,,,6,1
17402,1,,,1,,,,,2,2
17403,,,1,4,,,,,5,2
17404,,,1,3,,,,,4,2
17405,1,,1,,,,,,2,2
17406,3,,2,,,,,,5,2
17407,1,,,,,,1,,2,2
17408,1,,,,,,,,1,1
17409,2,,,,,,,,2,1
17410,,,3,,,,,,3,1
17411,1,,1,1,,,,,3,3
17412,1,,1,,,,,,2,2
17413,,,,1,,,,,1,1
17414,1,,1,1,,,,,3,3
17415,,5,,4,1,,,,10,3
17416,,5,,2,,,,,7,2
18101,6,,1,,,,,,7,2
18102,3,,1,2,3,,,,9,4
18103,2,,,,,,,,2,1
18104,4,,,2,1,,,,7,4
18105,2,,,,2,1,,,5,3
18106,4,,,,1,,,,5,2
18107,4,,1,,5,,,,10,3
18108,,,1,,3,1,,1,6,4
18109,5,,,2,,,,,7,2
18110,2,,1,1,,,,,4,3
18111,1,3,1,3,,,2,,10,5
18112,1,1,,2,1,,1,1,7,7
18113,,3,,,1,,,,4,2
18114,,,1,1,,,,,2,2
18115,5,1,1,3,,,,,10,4
18116,2,,,3,,,,,5,2
18201,2,1,,2,1,,,,6,5
18202,6,,1,5,,,,,12,3
18203,6,,,2,,,,,8,2
18204,2,1,1,1,2,,,,7,5
18205,2,1,,1,,,,,4,3
18206,2,,2,2,2,,,,8,4
18207,1,,1,,1,,,,3,3
18208,,,1,2,1,,,,4,3
18209,,,,1,,,,,1,1
18210,,,4,1,,,,,5,2
18211,,1,,,,,,,1,2
18212,1,,,2,,,,,3,2
18213,,,1,,,,,1,2,2
18214,,1,2,,1,,,,4,3
18215,,2,1,4,1,,1,,9,5
18216,2,,1,,,,1,,4,3
18301,8,,2,,,,,,10,2
18302,3,,2,1,,,1,,7,4
18303,2,,1,,,,,,3,2
18304,2,,,1,1,,,,4,3
18305,2,,2,1,,,,,5,3
18306,1,,,,1,,,,2,2
18307,,,1,3,1,,,,5,3
18308,,,,1,2,1,,,4,3
18309,1,,5,1,1,,,,8,4
18310,1,,2,3,,,,,6,3
18311,,,2,1,,,,,3,2
18312,1,,,,,,,,1,1
18313,1,,,,3,,,,4,2
18314,1,,,2,2,,,,5,3
18315,1,1,,,,,,,2,2
18316,,,1,2,1,,,,4,3
18401,7,1,,4,,,,,12,4
18402,3,1,2,2,1,,,,9,5
18403,3,,2,1,3,,,,9,4
18404,6,,2,,,,,1,9,3
18405,4,,1,3,,,,,8,3
18406,5,,2,3,,,,,10,3
18407,,,,1,2,,,,3,3
18408,,,3,,3,,,,6,2
18409,3,,2,2,2,,,,9,4
18410,1,,2,,2,1,,,6,4
18411,5,,3,,2,,1,,11,4
18412,3,,1,,3,1,,,8,4
18413,4,,,,,,1,,5,2
18414,1,,2,1,1,,,,5,4
18415,,,1,2,5,,,,8,3
18416,,,2,2,2,,,,6,3
19101,,,4,1,,,,,5,2
19102,,,,1,,,,,1,1
19103,,,1,,,,,,1,1
19104,,,1,,,,,,1,1
19105,,,3,,,,,,3,1
19106,,,2,,,,,,2,1
19107,,,1,,,,,,1,1
19108,,,3,,,,,,3,1
19109,1,,3,,,,,,4,2
19110,5,,,1,,,,,6,2
19111,,,2,1,,,,,3,2
19112,,4,1,1,,,,,6,3
19113,,3,1,2,,,,,6,3
19114,2,4,2,2,1,,,,11,5
19115,1,6,,8,,,,,15,3
19116,,1,4,6,,,,,11,3
19201,,1,3,,,,,,4,2
19202,,,3,,,,,,3,1
19203,,,,,,,,,0,0
19204,,,3,,,,,,3,1
19205,,,1,,,,,,1,1
19206,,,,1,,,,,1,1
19207,,,1,,,,,,1,1
19208,1,,1,,,,,1,3,3
19209,,,,,,,,,0,0
19210,,1,1,1,,,,,3,3
19211,,,,1,,,,,1,1
19212,,1,2,1,1,,,,5,4
19213,,1,1,,,,,,2,2
19214,,,,1,,,,,1,1
19215,3,1,4,2,,,,,10,4
19216,5,,1,3,1,,,,10,4
19301,,,,1,,,,,1,1
19302,,,2,,,,,,2,1
19303,,,1,,,,,,1,1
19304,,,2,,,,,,2,1
19305,1,,1,,,,,,2,2
19306,,,,,,,,,0,0
19307,,,1,,,,,,1,1
19308,,,,1,,,,,1,1
19309,,,1,1,,,,,2,2
19310,,,1,,,,,,1,1
19311,,,1,3,,,,,4,2
19312,,,1,1,,,,,2,2
19313,,,1,1,,,,,2,2
19314,,1,2,2,,,,,5,3
19315,2,5,,,,,,,7,2
19316,,,2,3,,,,,5,2
19401,,,4,1,,,,,5,2
19402,,,,,,,,,0,0
19403,,,1,,,,,,1,1
19404,,,,,,,,,0,0
19405,,,1,,,,,,1,1
19406,,,2,2,,,,,4,2
19407,,,1,1,,,,,2,2
19408,,,2,2,,,,,4,2
19409,2,1,,,,,,,3,2
19410,1,,,1,,,,,2,2
19411,1,,1,4,,,,,6,3
19412,1,,1,1,,,,,3,3
19413,1,1,1,7,2,,,,12,5
19414,2,,1,2,,,,,5,3
19415,1,1,,5,,,,,7,3
19416,,5,5,4,,,,,14,3
20101,6,,,1,,,,,7,2
20102,3,,,,1,,,,4,2
20103,4,,1,,,,,,5,2
20104,,1,1,1,,,,,3,3
20105,1,,1,,,,,,2,2
20106,3,1,1,1,,,,,6,4
20107,2,,,,,,,,2,1
20108,1,,,,,,,,1,1
20109,,,,,,,,,0,0
20110,1,,1,,,,,,2,2
20111,,,2,,,,,,2,1
20112,,,4,,,,,,4,1
20113,,,3,1,,,,,4,2
20114,2,,,,,,,,2,1
20115,4,,,,1,,,,5,3
20116,2,,2,,,,,,4,2
20201,6,,,,,,,,6,1
20202,2,1,,1,,,,,4,3
20203,2,,,,,,,,2,1
20204,2,,,,,,,,2,1
20205,4,,1,,,,,,5,2
20206,1,,1,,1,,,,3,3
20207,3,,,,,,,,3,1
20208,1,,,,,,,,1,1
20209,1,,,,,,,,1,1
20210,,,,,,,,,0,0
20211,,,2,,,,,1,3,2
20212,1,,,1,,,,,2,2
20213,2,,,,1,,,,3,2
20214,,,1,,,,,,1,1
20215,,,1,,,,,,1,1
20216,3,,,,,,,,3,1
20301,8,,1,1,,,,,10,3
20302,2,,,1,,,,1,4,3
20303,,1,2,,1,,,,4,3
20304,3,,,,,,,,3,1
20305,1,,,,,,,,1,1
20306,,,1,1,,,,,2,2
20307,,,1,2,,,,,3,2
20308,2,,,,,,,,2,1
20309,4,,,,,,,,4,1
20310,2,,2,1,,,,,5,3
20311,,,,,,,,,0,0
20312,1,,1,1,,,,,3,3
20313,1,,,,,,,,1,1
20314,,,,1,,,,,1,2
20315,,,,1,,1,,,2,3
20316,,,4,2,,1,,,7,3
20401,1,,1,2,3,,,,7,4
20402,2,,,3,1,,,1,7,4
20403,1,,1,,1,,,,3,3
20404,1,,,,,,,,1,1
20405,2,1,,,,,,,3,2
20406,4,5,2,1,1,,,,13,5
20407,1,,1,,1,,,,3,3
20408,,,,3,,,,,3,2
20409,1,,3,,,,,,4,2
20410,2,,4,2,1,,,,9,4
20411,,,2,,,,,,2,1
20412,,,1,3,,,,,4,2
20413,1,,3,1,1,,,,6,4
20414,3,,1,1,,,,,5,3
20415,,,2,,,,,,2,1
20416,,,3,,,,,,3,1
