#S,ID,Occ,Det
2,591,1,1101
2,631,3,1101
6,XX0928,1,1101
6,XX0928,3,1101
3,C51466,3,1102
6,XX0991,3,1103
1,22,2,1104
3,630,1,1104
3,C51473,3,1104
6,XX0930,1,1104
3,C51558,2,1105
5,XX0165,3,1106
3,630,3,1107
4,PKM001,1,1107
5,XX0165,1,1107
5,XX0165,2,1107
2,590,1,1110
4,C52099,1,1111
6,XX0932,1,1111
6,XX0932,2,1111
4,C51468,1,1112
6,XX0936,1,1113
4,C52144,3,1115
3,M007,3,1115
2,631,2,1201
3,C51559,3,1201
3,C51561,2,1201
6,XX0880,1,1201
6,XX0928,2,1201
2,592,1,1202
6,XX0880,2,1202
3,C51275,1,1203
5,XX0080,3,1204
4,C52137,2,1206
6,XX0884,1,1206
4,C52099,2,1207
5,XX0068,2,1207
4,24,2,1208
5,XX0167,1,1208
2,24,3,1209
4,24,1,1209
6,XX0891,2,1210
2,594,1,1212
4,C51468,2,1213
6,XX0936,2,1213
5,XX0068,3,1214
3,M008,2,1215
2,635,3,1216
4,C52140,2,1301
4,C52155,1,1301
6,XX0080,2,1301
6,XX0896,2,1303
6,XX0944,1,1304
1,108,1,1306
4,C52154,1,1306
4,C52154,2,1306
6,XX0896,1,1306
3,624,3,1308
6,XX0894,1,1308
4,C51464,2,1310
6,XX0891,1,1311
4,C52170,3,1312
4,C52170,2,1313
2,623,1,1314
6,C51557,1,1314
6,XX0889,1,1314
4,C52153,1,1315
6,XX0888,1,1315
3,624,2,1316
1,23,2,1401
3,C51220,1,1401
4,C52165,2,1401
2,23,1,1402
1,114,2,1402
4,C52155,2,1402
6,XX0942,1,1402
3,C51459,2,1403
3,C51563,3,1403
4,C52118,1,1403
5,XX0085,3,1403
6,XX0941,1,1403
2,24,1,1404
4,C52118,2,1404
4,C52118,3,1404
1,113,2,1405
4,C52154,3,1406
4,C52166,2,1407
1,24,3,1408
6,XX0940,1,1408
2,625,1,1410
3,C51220,2,1410
4,C51561,1,1410
3,C51219,1,1411
6,XX0939,1,1411
6,XX0939,2,1411
4,C51467,1,1412
4,C51467,3,1412
6,C51467,1,1412
6,C51467,2,1412
4,C52124,1,1412
2,625,2,1413
2,625,3,1413
6,XX0973,2,1413
6,XX0974,2,1413
4,C52153,2,1414
6,XX0976,2,1414
6,XX0889,2,1415
6,XX0988,3,1415
1,26,3,1416
5,XX0083,3,1416
1,104,1,2101
1,104,2,2101
5,XX0312,1,2101
5,XX0321,3,2101
6,XX0784,1,2101
6,XX0784,2,2101
1,105,1,2102
1,105,2,2102
1,105,3,2102
5,XX0321,2,2102
6,XX0784,3,2102
2,579,1,2103
2,581,1,2106
2,582,1,2108
5,XX0316,1,2108
2,61,2,2110
1,102,1,2110
1,102,2,2111
1,102,3,2111
4,935,1,2111
3,106,1,2112
5,XX0317,1,2112
3,C51018,3,2113
6,C51919,2,2113
6,C51919,3,2113
6,XX0788,1,2113
1,106,1,2114
5,C51919,2,2114
6,C51919,1,2114
5,XX0317,3,2114
2,1,1,2115
5,C51919,1,2115
5,XX0317,2,2115
4,C51747,2,2201
5,XX0321,1,2201
6,XX0793,1,2201
4,C51746,2,2202
4,C51949,3,2202
6,XX0857,3,2202
6,XX0809,3,2203
5,XX0316,3,2205
6,XX0839,2,2205
2,58,2,2207
5,XX0325,3,2209
2,613,1,2211
4,935,3,2211
6,XX0815,3,2211
6,XX0837,2,2211
5,XX0282,2,2212
2,106,1,2213
3,C51012,2,2213
2,703,3,2215
5,C51919,3,2215
2,705,3,2301
5,XX0312,2,2301
6,XX0816,3,2301
2,101,1,2303
4,C51933,3,2304
4,C51938,3,2304
5,XX0285,2,2304
1,111,3,2306
5,XX0325,2,2307
6,XX0316,1,2308
3,C51013,2,2309
3,C51013,3,2309
6,XX0316,3,2309
6,XX0815,1,2310
6,XX0815,2,2310
6,XX0788,3,2312
4,C51919,2,2315
4,C51920,1,2315
6,XX0906,3,2315
4,C51919,1,2316
4,C51923,3,2401
4,C51950,3,2401
5,XX0312,2,2401
6,XX0809,1,2401
6,XX0810,1,2401
6,XX0810,3,2401
4,C51933,2,2402
5,XX0285,3,2402
1,7,2,2403
1,7,3,2403
5,XX0292,3,2403
2,604,1,2404
4,C51934,2,2404
4,C51934,3,2404
5,XX0287,2,2404
6,XX0809,2,2404
2,633,3,2405
4,C51923,2,2405
1,111,2,2406
5,XX0326,1,2407
5,XX0325,1,2408
2,5,1,2409
6,XX0326,1,2409
6,XX0812,1,2409
6,XX0326,2,2410
6,XX0825,1,2410
3,C51015,2,2411
5,PKM70,2,2411
6,XX0817,1,2411
1,16,1,2412
2,607,1,2412
2,607,3,2412
2,608,3,2412
3,C51009,1,2412
5,PKM70,1,2413
5,XX0291,3,2413
2,608,1,2414
4,C51920,2,2416
6,XX0904,3,2416
1,140,3,3101
4,C51858,1,3101
4,C51858,2,3102
4,C51859,1,3102
6,XX0391,2,3102
4,C51860,1,3103
6,XX0356,2,3103
1,141,3,3104
3,C51298,1,3104
4,C51862,3,3104
5,XX0101,1,3104
4,C51861,1,3105
4,C51861,2,3105
5,C51858,2,3106
4,C51864,3,3106
1,125,2,3107
4,C51862,1,3107
4,C51862,2,3107
4,C51863,1,3107
4,C51863,3,3107
4,C52044,3,3107
6,XX0369,3,3107
4,C51864,1,3108
4,C52107,3,3108
6,XX0359,2,3108
3,C51293,1,3109
6,XX0359,3,3109
1,130,3,3110
6,XX0359,1,3110
4,C52078,3,3111
4,C52077,2,3112
5,XX0102,1,3112
1,126,2,3113
3,C51212,3,3114
4,C51257,2,3114
3,C51258,2,3114
5,C51205,3,3115
4,C51257,3,3115
4,C51865,1,3115
4,C51205,1,3116
3,C51297,2,3116
3,C51299,1,3116
4,C51865,3,3116
6,XX0361,2,3116
6,XX0361,3,3116
4,C52108,2,3201
6,XX0356,1,3201
6,XX0356,3,3201
6,XX0371,3,3201
5,XX0104,3,3202
6,XX0357,1,3203
4,C51860,2,3204
4,C52107,2,3204
4,C51861,3,3205
4,C51250,3,3207
3,C51253,2,3208
4,C52079,1,3208
6,PKM71,1,3208
4,C52077,3,3211
1,130,2,3213
3,C51253,1,3215
4,C51257,1,3215
1,129,2,3216
3,C51251,3,3216
6,XX0361,1,3216
4,C51858,3,3301
5,XX0104,2,3301
5,XX0106,3,3301
5,XX0104,3,3303
4,C52094,3,3304
4,C52079,3,3306
6,XX0369,2,3306
4,C52078,1,3307
4,C52079,2,3307
6,XX0101,2,3308
3,C51201,2,3309
6,XX0101,3,3309
5,PKM50,1,3311
3,C51206,2,3312
5,C52044,3,3312
4,C52077,1,3313
3,C51252,1,3314
3,C51250,1,3315
4,C52050,3,3315
3,C51255,3,3316
4,C51865,2,3316
4,C52050,1,3316
4,C51265,3,3401
5,XX0104,1,3401
6,XX0371,1,3401
5,XX0109,3,3405
3,C51201,3,3406
4,C51265,1,3406
4,C51265,2,3406
6,XX0101,1,3406
6,XX0357,3,3407
4,C51250,1,3408
5,PKM52,1,3408
5,XX0105,2,3408
6,XX0357,2,3408
4,C52044,1,3409
5,C52044,1,3409
5,XX0101,2,3409
3,C51202,2,3410
4,C52044,2,3410
5,XX0101,3,3410
6,XX0369,1,3410
5,C52044,2,3413
4,C52046,3,3413
4,C52047,2,3413
3,C51268,3,3414
4,C52046,1,3414
4,C52046,2,3414
4,C52047,1,3414
4,C52047,3,3414
5,C51205,2,3415
3,C51292,1,3415
5,PKM51,1,3416
6,XX0623,2,4101
4,C51593,3,4106
4,C51074,2,4108
4,C51546,3,4109
3,C51065,2,4111
3,C51065,3,4111
4,C51065,3,4111
3,C51074,1,4111
6,XX0259,1,4112
6,XX0611,1,4113
4,C51649,3,4115
3,C51189,3,4116
4,C51525,1,4116
4,C51584,2,4116
6,XX0259,2,4116
5,XX0234,1,4201
6,XX0373,3,4204
4,C51074,1,4209
4,C51644,3,4210
4,C51065,1,4211
4,C51065,2,4211
4,C51590,2,4212
4,C51590,3,4212
5,XX0259,3,4212
6,XX0611,2,4212
4,C51649,2,4215
4,C51189,2,4216
6,XX0701,2,4216
6,XX0621,1,4301
5,XX0269,3,4302
6,XX0621,3,4303
6,XX0621,2,4304
3,C51074,3,4310
5,XX0259,2,4313
3,C51100,2,4314
3,C51100,3,4315
4,C51189,1,4316
4,C51641,3,4401
5,XX0230,3,4401
6,XX0623,3,4401
6,XX0641,1,4401
6,XX0675,3,4401
5,XX0230,1,4402
6,XX0643,1,4405
6,XX0643,2,4406
5,XX0262,2,4409
6,XX0644,1,4409
6,XX0644,2,4409
4,C51630,2,4411
5,XX0261,2,4411
6,XX0644,3,4411
1,49,2,4414
4,C51525,2,4416
6,XX0666,3,4416
5,C51504,3,5101
4,C51754,3,5101
6,XX0372,1,5101
6,XX0373,1,5101
6,XX0373,2,5101
3,C51193,3,5103
4,C51504,3,5104
4,C51869,1,5104
6,XX0511,3,5104
4,C51504,1,5105
4,C51504,2,5105
4,C51509,2,5105
4,C51627,3,5105
5,XX0012,3,5108
6,XX0512,3,5108
3,C51178,2,5110
3,C51178,3,5110
4,C51178,2,5110
4,C51444,1,5110
5,XX0118,3,5110
3,C51195,3,5111
4,C51195,2,5111
6,C51195,1,5111
6,C51511,3,5111
4,C51195,1,5112
6,C51195,2,5112
6,C51511,2,5112
4,C51755,3,5113
4,C51579,2,5114
5,XX0119,2,5202
3,C51126,2,5203
4,C51627,2,5205
3,C51146,3,5206
5,XX0118,2,5209
4,C51178,3,5210
6,C51195,3,5211
3,C51199,3,5211
5,C51511,3,5211
4,C51511,1,5212
4,C51581,2,5212
6,C51511,1,5213
1,147,1,5214
4,C51580,2,5215
4,C51758,3,5216
6,XX0380,1,5216
6,XX0372,2,5302
4,C51430,1,5303
3,C51060,1,5304
1,173,3,5305
1,60,2,5306
4,C51602,3,5306
6,XX0386,1,5307
1,60,3,5308
4,C51070,3,5309
4,C51626,2,5309
4,C51626,3,5310
5,XX0126,3,5310
6,XX0126,1,5310
4,C51178,1,5311
4,C51440,1,5311
5,C51511,1,5312
5,XX0120,2,5313
5,XX0009,2,5314
6,XX0009,1,5314
4,C51512,1,5402
5,XX0001,1,5402
5,XX0119,3,5402
6,XX0372,3,5402
6,XX0507,2,5402
1,60,1,5404
5,XX0123,3,5404
6,C51602,1,5405
4,C51646,3,5406
4,C51070,2,5407
6,C51602,2,5407
3,C51070,2,5408
6,C51602,3,5408
4,C51440,2,5409
6,XX0126,3,5409
4,C51447,2,5411
4,C51447,3,5411
6,XX0126,2,5412
4,C51511,2,5413
5,C51511,2,5413
5,XX0009,3,5414
4,C51246,1,6101
3,C51291,3,6102
3,C51290,2,6104
4,C51869,1,6104
4,C51870,1,6105
4,C52100,1,6106
6,XX0735,2,6106
5,XX0138,1,6107
6,XX0735,1,6107
3,C51263,3,6108
6,XX0736,1,6108
3,C51287,2,6109
1,156,3,6110
4,C51242,2,6110
5,C51263,1,6110
1,156,2,6111
4,C51242,1,6111
4,C51242,3,6111
3,C51244,1,6114
4,C52104,1,6116
4,C52111,2,6116
6,XX0683,1,6202
4,C51869,2,6205
4,C51870,2,6205
6,XX0736,2,6207
1,160,2,6208
5,C51242,1,6209
3,C51288,2,6210
3,C51245,3,6301
3,C51249,1,6303
6,XX0683,2,6303
6,XX0683,2,6304
4,C51870,3,6305
6,XX0038,1,6307
5,C51242,2,6309
4,C52080,1,6310
4,C52081,1,6315
3,C51254,2,6401
6,XX0683,3,6401
5,XX0037,2,6402
6,XX0690,3,6402
1,77,2,6403
5,XX0037,1,6403
6,XX0690,1,6403
6,XX0690,2,6403
1,174,3,6404
5,XX0038,1,6404
6,XX0746,2,6404
4,C51207,1,6405
5,XX0038,3,6405
6,XX0746,1,6405
4,C51207,3,6406
5,C51207,2,6406
6,XX0038,2,6406
6,XX0745,1,6406
6,XX0745,3,6406
6,XX0746,3,6406
4,C51207,2,6407
5,C51207,1,6407
5,C51207,3,6407
3,C51258,3,6407
5,XX0039,1,6408
1,68,1,6409
1,68,2,6409
4,C51263,1,6410
4,C52084,1,6410
1,68,3,6411
3,C51248,1,6412
1,79,2,6413
5,C51263,2,6413
4,C52081,2,6413
5,C51263,3,6415
4,C52104,2,6416
5,XX0042,1,6416
1,226,3,7101
5,XX0010,2,7101
1,226,1,7102
1,226,2,7103
4,C51279,2,7103
4,C51279,3,7103
6,C51279,1,7103
4,C52015,2,7103
6,XX0020,1,7103
4,C52015,1,7104
6,XX0432,1,7104
6,XX0520,2,7104
4,C51279,1,7105
5,C51279,2,7105
5,C51279,3,7105
6,C51279,2,7105
4,C52034,2,7105
1,205,3,7106
6,PKM76,1,7106
6,XX0128,2,7106
6,XX0128,3,7106
4,C52016,1,7107
4,C52016,2,7107
4,C52016,3,7107
4,C52023,2,7107
6,PKM76,2,7108
3,C51238,3,7109
5,XX0121,3,7109
3,C51396,2,7111
5,XX0004,1,7111
3,C51277,3,7112
5,XX0128,3,7112
3,C51395,2,7113
5,XX0006,2,7113
3,C51386,2,7114
5,XX0006,3,7114
3,C51374,2,7115
4,C51384,1,7115
3,C51385,1,7115
4,C51384,2,7116
5,C51900,2,7116
6,C51900,3,7116
4,C52039,2,7201
6,XX0020,3,7201
6,XX0441,2,7202
6,XX0441,1,7203
5,C51279,1,7205
5,XX0113,3,7205
6,XX0519,3,7205
4,C52023,1,7207
4,C52023,3,7208
1,193,2,7209
3,C51382,2,7209
3,C51389,3,7209
4,C52021,1,7209
5,XX0006,1,7209
5,C51885,2,7212
4,C52043,3,7212
5,C51856,1,7213
6,C51900,2,7214
6,XX0435,1,7214
6,XX0436,1,7214
3,C51388,3,7215
6,XX0432,3,7215
4,C51384,3,7216
5,C51900,3,7216
6,XX0434,1,7216
6,XX0519,2,7302
5,XX0113,1,7303
4,C51241,2,7304
6,XX0442,1,7306
4,C51857,2,7307
5,C51885,1,7310
5,XX0121,2,7310
4,C51851,1,7311
4,C51892,2,7311
6,C51856,1,7312
6,XX0436,3,7312
1,181,1,7314
4,C51856,2,7314
5,C51856,2,7314
4,C51897,1,7314
6,C51900,1,7314
4,C51898,1,7315
4,C51900,1,7315
4,C51900,2,7316
5,C51900,1,7316
4,C51887,2,7401
6,XX0020,2,7401
1,184,1,7402
1,184,3,7402
1,184,2,7403
4,C51887,1,7403
5,XX0020,3,7403
3,C51241,3,7404
4,C51241,1,7404
3,C51309,2,7404
6,XX0442,2,7404
3,C51242,3,7406
6,C51279,3,7406
4,C51281,1,7406
4,C51281,2,7406
4,C51281,3,7407
4,C51885,2,7407
6,XX0448,2,7407
6,C51885,2,7408
6,C51885,3,7409
4,C51885,1,7410
5,C51885,3,7410
6,C51885,1,7410
5,C51892,2,7410
3,C51285,2,7411
4,C51851,2,7411
4,C51851,3,7411
4,C51892,1,7411
5,C51892,3,7411
5,C51897,3,7411
4,C51872,3,7412
5,C51892,1,7412
6,XX0436,2,7412
6,XX0435,2,7413
3,C51300,2,7414
3,C51300,3,7414
5,C51856,3,7414
1,182,1,7415
4,C51856,3,7415
6,C51856,3,7415
4,C51895,1,7415
6,C51856,2,7416
5,XX0240,2,8101
6,XX0718,3,8101
5,XX0247,3,8102
6,XX0658,2,8102
6,XX0658,3,8102
1,234,2,8103
5,XX0240,3,8103
5,XX0236,2,8104
1,234,1,8105
1,234,3,8105
6,XX0276,1,8108
5,XX0310,2,8108
5,XX0310,3,8108
4,C52005,1,8109
4,C52006,1,8109
4,C52027,2,8109
5,XX0274,3,8109
6,XX0720,3,8112
6,XX0653,1,8113
6,XX0653,2,8113
6,XX0653,3,8113
6,XX0707,2,8114
1,232,1,8115
5,XX0276,3,8115
1,195,3,8116
1,213,3,8201
4,C52010,1,8201
6,XX0240,2,8201
6,XX0668,3,8201
5,XX0247,2,8202
6,XX0658,1,8202
3,C51304,1,8203
5,XX0310,1,8203
4,C52042,3,8205
5,XX0245,2,8206
5,XX0245,3,8206
6,XX0709,3,8207
6,XX0276,3,8210
6,XX0276,2,8211
5,XX0277,3,8212
1,314,3,8214
4,C51884,2,8214
4,C51884,3,8214
4,C52029,2,8214
5,XX0309,1,8214
5,XX0309,3,8214
5,XX0309,2,8215
6,XX0655,1,8215
6,XX0707,3,8215
1,195,2,8216
5,XX0243,2,8216
5,XX0249,3,8216
6,XX0540,1,8216
5,XX0311,1,8301
5,XX0311,2,8301
5,XX0311,3,8301
1,245,3,8304
6,C52042,2,8304
1,196,2,8305
3,C51324,3,8306
6,XX0661,3,8307
5,XX0279,3,8309
6,XX0709,2,8310
4,C52027,3,8311
4,C51873,3,8312
6,XX0655,3,8314
4,C51884,1,8315
5,XX0243,3,8316
5,XX0248,2,8316
6,C52042,1,8401
6,XX0311,3,8401
5,C52042,2,8403
1,245,2,8404
5,C52042,1,8404
6,XX0661,2,8404
5,XX0245,2,8405
6,C52042,3,8406
6,XX0661,1,8406
1,244,3,8408
4,C51879,2,8408
4,C51879,3,8408
4,C51979,1,8408
5,XX0236,1,8408
1,244,2,8409
5,XX0237,1,8409
6,XX0278,2,8409
1,243,2,8410
5,XX0237,2,8410
5,XX0238,1,8410
5,XX0238,2,8410
6,XX0278,1,8411
6,XX0665,2,8411
6,XX0713,2,8413
1,232,3,8414
1,311,3,8414
6,XX0278,3,8414
1,232,2,8415
5,XX0249,2,8415
6,XX0663,1,8415
6,XX0663,2,8415
1,242,2,8416
1,242,3,8416
6,XX0663,3,8416
3,C51163,3,11101
4,C51786,2,11101
5,C51786,2,11101
5,C51786,3,11101
3,C51101,1,11102
3,C51101,3,11104
3,C51104,1,11104
4,C51351,1,11104
4,C51366,1,11104
5,C51782,3,11105
3,C51104,2,11106
3,C51366,3,11106
1,378,3,11107
5,C51351,1,11107
5,XX0132,3,11107
6,XX0532,1,11107
6,XX0532,2,11107
6,XX0532,3,11107
6,XX0533,1,11107
4,C51335,2,11108
4,C51770,1,11108
6,XX0546,2,11108
4,C51788,2,11109
3,C51101,2,11110
5,XX0026,2,11110
6,XX0534,1,11110
6,XX0540,1,11202
6,XX0540,2,11202
5,C51351,2,11203
6,C51351,1,11203
5,C51351,3,11204
4,C51335,1,11206
5,XX0132,1,11206
4,C51163,1,11207
5,XX0026,1,11208
4,C51335,3,11209
4,C51782,1,11210
5,XX0026,3,11210
4,C51782,3,11213
4,C51779,1,11215
5,C51779,1,11215
5,C51779,2,11215
5,C51779,3,11216
5,XX0030,2,11302
3,C51104,3,11306
3,C51335,1,11307
4,C51610,1,11310
6,XX0464,1,11313
6,XX0464,2,11313
1,402,3,11316
1,362,1,11403
3,C51162,3,11405
5,XX0034,3,11407
3,C51351,2,11408
5,C51782,1,11410
5,XX0028,3,11410
5,XX0028,2,11412
6,XX0464,3,11413
3,C51164,3,11416
6,XX0529,2,12101
6,XX0552,3,12101
6,XX0523,3,12102
6,XX0542,2,12102
4,C51800,3,12103
6,XX0523,1,12104
1,376,2,12108
6,XX0525,1,12108
1,288,2,12112
1,288,3,12112
6,XX0527,3,12114
6,XX0526,2,12115
6,XX0526,3,12115
1,373,2,12116
6,XX0526,1,12116
6,XX0527,2,12116
6,XX0529,1,12201
1,377,2,12203
1,377,3,12203
6,XX0523,2,12206
6,XX0530,3,12206
1,288,1,12212
6,XX0527,1,12213
1,373,3,12215
6,XX0453,3,12301
6,XX0530,1,12301
1,368,1,12303
1,368,3,12303
6,XX0453,2,12303
6,XX0459,2,12306
6,XX0459,3,12306
4,299,3,12307
6,XX0459,1,12307
1,299,2,12308
6,XX0525,2,12308
1,367,2,12314
6,XX0458,1,12316
6,XX0458,2,12316
4,C51407,3,12401
5,XX0032,1,12401
6,XX0452,1,12401
6,XX0453,3,12401
6,XX0453,3,12402
6,XX0461,2,12403
6,XX0453,1,12404
6,XX0461,2,12404
1,405,3,12405
1,368,2,12406
5,299,2,12408
3,C51307,1,12409
6,XX0454,1,12410
5,XX0031,2,12411
6,XX0455,1,12411
6,XX0456,1,12412
6,XX0456,2,12412
5,XX0031,1,12413
6,XX0457,1,12414
6,XX0469,3,12414
1,367,1,12415
6,XX0470,3,12415
4,C51605,1,12416
4,C51785,2,12416
6,XX0456,3,12416
5,XX0036,1,13101
6,XX0036,1,13101
6,XX0482,1,13101
4,C51725,2,13106
5,C51908,2,13107
3,C51028,2,13109
6,XX0560,2,13110
4,C51725,3,13111
6,XX0036,2,13202
6,XX0566,2,13203
4,C51993,3,13205
5,C51908,1,13206
5,C51908,3,13207
5,XX0212,3,13209
6,XX0560,3,13210
4,C51667,3,13214
6,XX0477,3,13214
4,C51976,2,13215
6,XX0477,2,13216
6,XX0566,3,13301
5,XX0092,1,13303
4,C51909,3,13304
4,C51908,3,13307
4,C51420,2,13308
4,C51420,3,13308
4,C51420,1,13309
6,XX0477,1,13311
4,C51667,2,13312
5,XX0206,2,13411
5,XX0206,3,13413
5,XX0211,3,13415
6,XX0478,1,13416
6,XX0572,2,14101
6,XX0572,3,14101
6,XX0204,3,14103
5,XX0182,3,14110
6,XX0486,2,14110
6,XX0486,1,14111
6,XX0489,3,14112
6,XX0489,1,14115
6,XX0202,1,14116
6,C51816,3,14216
6,XX0202,2,14216
6,XX0573,2,14304
6,XX0578,3,14305
5,XX0204,1,14309
6,XX0493,1,14309
6,XX0579,3,14309
5,XX0204,3,14311
5,XX0202,3,14313
6,XX0493,3,14313
5,XX0202,2,14315
1,393,2,14316
5,XX0202,1,14316
6,XX0488,1,14402
6,XX0488,2,14402
6,XX0577,3,14407
6,XX0573,3,14411
6,XX0580,3,14413
6,XX0493,2,14414
5,XX0204,2,14415
6,C51816,1,14416
6,C51816,2,14416
6,XX0626,1,14416
6,XX0626,3,14416
4,C51714,1,15101
4,C51714,2,15101
6,XX0587,3,15102
6,XX0595,3,15103
6,XX0582,1,15107
6,XX0582,2,15107
6,XX0582,3,15107
3,C51156,2,15109
3,C51115,1,15112
4,C51115,3,15113
3,C51345,2,15114
3,C51372,3,15115
5,XX0197,3,15115
6,XX0597,3,15201
6,XX0595,2,15204
3,C51115,2,15205
4,C51115,1,15214
4,C51115,2,15215
3,C51345,3,15216
6,XX0500,3,15301
6,XX0587,1,15301
6,XX0587,2,15301
4,C51989,2,15302
5,XX0185,1,15302
6,XX0495,2,15302
3,C51338,2,15305
4,C51989,3,15306
6,XX0497,3,15306
3,C51346,1,15307
6,XX0497,2,15307
1,468,1,15308
5,XX0214,1,15308
6,C51115,3,15309
4,C51346,3,15309
6,XX0631,2,15309
4,C51346,2,15310
3,C51345,1,15311
3,C51361,2,15311
6,XX0494,1,15402
6,XX0495,1,15402
6,XX0500,2,15402
3,C51338,1,15404
3,C51338,3,15408
6,C51115,1,15409
5,XX0214,3,15409
6,XX0497,1,15409
1,541,3,15410
4,C51345,1,15410
4,C51346,1,15410
4,C51674,2,15410
6,C51115,2,15411
5,C51115,1,15412
5,C51115,2,15412
5,C51115,3,15412
4,C51345,2,15412
4,C51361,3,15414
6,XX0588,1,16104
6,XX0596,3,16104
4,C51816,1,16106
4,C51816,2,16106
4,C51816,3,16106
4,C51824,3,16106
6,XX0596,2,16106
5,C51816,3,16107
6,XX0589,2,16107
6,XX0589,3,16107
5,XX0190,2,16108
6,XX0199,2,16108
6,XX0589,1,16108
5,XX0187,1,16109
6,XX0199,3,16110
3,C51081,1,16111
3,C51081,2,16111
3,C51081,3,16111
5,XX0187,2,16111
4,C51086,3,16113
6,XX0598,3,16113
3,C51086,3,16114
4,C51086,2,16115
5,XX0199,3,16115
6,XX0599,3,16116
6,C51954,3,16204
6,XX0591,2,16204
6,C51954,1,16205
6,C51816,2,16206
4,C51845,3,16206
4,C51824,1,16207
4,C51965,3,16207
6,XX0591,1,16207
4,C51960,3,16212
5,XX0216,3,16212
4,C51086,1,16216
5,XX0200,3,16216
6,XX0588,2,16305
4,C51960,1,16309
6,XX0216,3,16310
5,C51954,2,16312
6,XX0216,2,16313
6,XX0200,2,16314
6,XX0200,3,16315
6,XX0216,1,16316
6,XX0640,3,16316
5,C51816,1,16404
5,C51816,2,16404
6,C51954,2,16405
6,XX0588,3,16405
4,C51965,2,16406
3,779,3,16409
4,779,1,16409
4,779,2,16409
4,779,3,16409
2,779,3,16410
3,779,1,16410
3,779,2,16410
4,C51954,3,16410
5,C51954,3,16410
6,XX0635,2,16411
6,XX0638,3,16412
4,C51954,1,16413
4,C51967,2,16413
6,XX0200,2,16413
5,XX0216,2,16413
6,XX0639,3,16414
6,XX0699,1,16414
6,XX0200,1,16416
5,XX0216,1,16416
4,C51740,3,17102
6,XX0670,2,17102
6,XX0731,2,17103
4,C51738,2,17106
6,C51738,1,17106
6,XX0738,2,17106
6,C51734,1,17107
4,C51738,3,17107
5,C51734,2,17108
6,C51734,2,17108
4,C51804,3,17108
4,C51734,1,17109
4,C51734,2,17109
5,C51928,1,17110
5,C51928,2,17110
5,C51928,3,17110
4,C51737,3,17111
4,C51805,3,17112
3,C51035,1,17113
3,C51039,2,17113
3,C51038,2,17114
5,XX0151,2,17116
6,XX0670,1,17201
4,C51740,1,17202
5,XX0147,1,17202
5,XX0147,2,17202
4,C51740,2,17203
5,XX0147,3,17203
4,C51739,1,17206
3,C51036,1,17207
4,C51738,1,17207
4,C51734,3,17209
4,C51739,3,17210
4,C51737,1,17212
4,C51808,3,17212
6,XX0151,1,17216
6,XX0151,2,17216
6,XX0732,1,17304
6,XX0731,1,17306
6,C51734,3,17312
6,C51737,1,17314
4,C51931,1,17314
4,C51931,2,17314
4,C51931,3,17314
3,C51039,3,17315
6,C51931,1,17315
3,C51041,2,17316
5,C51731,1,17316
6,C51931,2,17316
6,C51931,3,17316
6,XX0732,2,17403
6,XX0732,3,17404
6,XX0731,3,17405
4,C51926,1,17406
4,C51926,2,17406
6,C51737,2,17410
4,C51928,1,17410
4,C51928,2,17410
6,C51737,3,17411
4,C51737,2,17412
4,C51937,2,17414
2,987,1,18101
2,987,2,18102
4,C52192,3,18107
4,C52185,2,18108
4,C52178,2,18110
3,C51468,2,18111
3,M007,1,18114
4,C52060,3,18115
6,XX0956,2,18202
4,C52188,2,18204
3,C51456,2,18206
4,C52185,3,18206
3,C51455,2,18207
4,C52178,1,18208
4,C52051,2,18210
4,C52178,3,18210
4,C52179,1,18210
4,C52179,3,18210
5,XX0342,2,18213
4,C51451,1,18214
4,C52060,2,18214
4,C51451,3,18215
6,XX0876,1,18216
1,493,3,18301
3,C51453,2,18301
1,557,1,18302
5,XX0406,2,18302
1,557,2,18303
2,557,3,18305
4,C52188,1,18305
4,C51216,1,18307
4,C52051,1,18309
4,C52179,2,18309
6,XX0957,2,18309
6,XX0958,2,18309
6,XX0958,3,18309
6,C51216,1,18310
6,XX0876,3,18310
5,C51216,1,18311
5,C51216,2,18311
1,500,1,18316
3,556,2,18402
6,XX0873,1,18402
3,C51216,1,18403
6,XX0873,2,18403
2,557,1,18404
2,557,2,18404
4,C52188,3,18405
1,557,3,18406
2,987,3,18406
4,C51216,2,18408
4,C51216,3,18408
3,C51469,2,18408
4,C52051,3,18409
6,XX0876,2,18409
6,C51216,3,18410
6,XX0868,1,18410
4,C52063,3,18411
4,C52146,1,18411
4,C52146,2,18411
6,C51216,2,18412
1,498,2,18414
4,C51451,2,18414
1,500,2,18415
4,C52059,2,18416
4,C52059,3,18416
5,XX0159,2,19101
5,XX0159,3,19101
6,XX0159,2,19101
6,XX0159,3,19101
6,XX0161,1,19103
6,XX0846,3,19104
4,C52128,1,19105
5,XX0061,3,19105
6,XX0161,3,19105
5,XX0161,2,19106
6,XX0772,1,19106
5,XX0161,3,19107
4,C52128,2,19108
4,C52129,3,19108
6,XX0773,3,19108
4,C52129,1,19109
4,C52129,2,19109
6,XX0773,1,19109
6,XX0775,1,19111
6,XX0775,2,19111
5,XX0156,2,19112
6,XX0776,1,19113
4,C51482,2,19114
5,XX0156,1,19114
5,C51482,2,19116
4,C52136,1,19116
4,C52136,2,19116
4,C52136,3,19116
6,XX0156,2,19201
6,XX0156,3,19201
6,XX0783,1,19201
4,C52132,1,19202
4,C52143,2,19202
6,XX0156,1,19202
4,C52142,2,19204
5,XX0074,3,19204
6,XX0826,2,19204
4,C52131,1,19205
6,XX0851,3,19207
4,C52157,2,19208
4,C51502,1,19210
4,C51502,2,19212
4,C51502,3,19212
4,C51482,3,19213
4,C51482,1,19215
3,C51499,2,19215
4,C52164,1,19215
4,C52164,3,19215
3,C51529,2,19216
5,XX0061,2,19302
5,XX0094,3,19302
4,C52161,1,19303
4,C52160,1,19304
5,XX0096,3,19304
3,C51527,2,19305
6,XX0773,2,19307
4,C52172,2,19309
4,C52159,1,19310
4,C52159,2,19311
6,XX0831,3,19312
5,XX0156,3,19313
4,C52177,3,19314
6,XX0775,3,19314
5,XX0078,3,19316
6,XX0827,2,19316
4,C52156,1,19401
4,C52156,2,19401
6,XX0697,2,19401
6,XX0783,2,19401
6,XX0161,2,19403
6,XX0697,1,19405
4,C52157,1,19406
6,XX0801,1,19406
5,XX0060,2,19407
3,C51539,3,19408
6,XX0054,2,19408
5,XX0054,1,19411
6,XX0831,2,19412
5,XX0054,2,19413
4,C52164,2,19414
3,C51568,1,19416
5,XX0076,3,19416
6,XX0151,3,19416
6,XX0827,3,19416
6,XX0828,2,19416
4,C52193,3,20103
6,XX0909,1,20104
4,C51526,1,20105
6,XX0909,2,20106
6,XX0910,2,20110
5,XX0414,3,20111
6,XX0414,2,20111
4,C51471,1,20112
4,C51471,3,20112
4,C52194,3,20112
6,XX0910,1,20112
3,C51476,1,20113
4,C52191,3,20113
6,XX0414,1,20113
4,C52191,2,20116
6,XX0862,2,20116
6,XX1106,2,20205
4,C52062,3,20206
5,XX0414,2,20211
6,XX1105,2,20211
6,XX1104,2,20214
6,XX0862,2,20215
3,C51472,2,20301
4,C52182,1,20303
4,C52182,3,20303
4,C52062,2,20306
3,C51574,2,20307
3,C51474,1,20310
4,C52183,1,20310
4,C52058,1,20312
3,C51530,3,20316
3,C51543,2,20316
4,C52057,1,20316
6,XX0862,1,20316
3,C51475,1,20401
6,XX0985,2,20403
4,C51531,3,20406
3,C51532,3,20406
4,C52065,3,20407
4,C51470,1,20409
4,C51470,2,20409
4,C51470,3,20409
3,C51533,3,20410
5,XX0300,1,20410
5,XX0300,2,20410
5,XX0300,3,20410
4,C52054,1,20411
6,XX0913,3,20411
6,XX1110,3,20412
4,C52054,3,20413
6,XX0913,1,20413
6,XX0913,2,20413
3,C51568,3,20414
4,C52056,1,20415
4,C52058,3,20415
6,XX0911,1,20416
6,XX0911,2,20416
6,XX0911,3,20416
