Sess-Gd-Occ ID,Session,Min Temp,Max Temp,Avg Wind,Max Wind,Precip (mm),Moon Score
1_1_1,1,0.094444444,9.661111111,5.972460125,8.94894,5,1
1_1_2,1,1.127777778,15.44444444,2.556039125,5.89593,0,1
1_1_3,1,-0.638888889,21.16666667,1.776880875,4.74714,0,1
1_11_1,1,5.466666667,26.77777778,4.103813875,7.98789,0,1
1_11_2,1,10.06111111,25.99444444,4.261567625,6.8391,0,1
1_11_3,1,6.377777778,28.66666667,2.443749,5.46234,0,1
1_12_1,1,5.466666667,26.77777778,4.103813875,7.98789,0,1
1_12_2,1,10.06111111,25.99444444,4.261567625,6.8391,0,1
1_12_3,1,6.377777778,28.66666667,2.443749,5.46234,0,1
1_13_1,1,2.761111111,29.88888889,1.996357875,4.93935,0,1
1_13_2,1,16.40555556,30.44444444,6.799931625,11.14371,0,1
1_13_3,1,9.077777778,31.38888889,2.84511775,5.68584,0,1
1_14_1,1,2.761111111,29.88888889,1.996357875,4.93935,0,1
1_14_2,1,16.40555556,30.44444444,6.799931625,11.14371,0,1
1_14_3,1,9.077777778,31.38888889,2.84511775,5.68584,0,1
1_15_1,1,8.8,30.33333333,3.916334625,11.38509,0,0
1_15_2,1,9.577777778,22.52777778,5.86639075,8.61816,0,0
1_15_3,1,2.166666667,27.55555556,0.968351,2.519292,0,0
1_16_1,1,8.8,30.33333333,3.916334625,11.38509,0,0
1_16_2,1,9.577777778,22.52777778,5.86639075,8.61816,0,0
1_16_3,1,2.166666667,27.55555556,0.968351,2.519292,0,0
1_17_1,1,6.25,31.61111111,1.454072375,3.87996,0,0
1_17_2,1,8.35,32.55555556,2.42478875,6.46362,0,0
1_17_3,1,13.71111111,31.83333333,4.972279,9.82506,0,0
1_18_1,1,6.25,31.61111111,1.454072375,3.87996,0,0
1_18_2,1,8.35,32.55555556,2.42478875,6.46362,0,0
1_18_3,1,13.71111111,31.83333333,4.972279,9.82506,0,0
1_2_1,1,0.094444444,9.661111111,5.972460125,8.94894,5,1
1_2_2,1,1.127777778,15.44444444,2.556039125,5.89593,0,1
1_2_3,1,-0.638888889,21.16666667,1.776880875,4.74714,0,1
1_3_1,1,7.538888889,21.87222222,2.17230825,4.85442,0,0
1_3_2,1,8.083333333,22.35,3.13008025,6.04344,0,0
1_3_3,1,6.522222222,23.6,3.685608125,7.04472,0,0
1_4_1,1,7.538888889,21.87222222,2.17230825,4.85442,0,0
1_4_2,1,8.083333333,22.35,3.13008025,6.04344,0,0
1_4_3,1,6.522222222,23.6,3.685608125,7.04472,0,0
1_5_1,1,6.75,27.61111111,0.976546,1.776378,0,0
1_5_2,1,9.038888889,30.05555556,1.70571475,4.18839,0,0
1_5_3,1,8.205555556,30.83333333,2.696136375,6.13284,0,0
1_6_1,1,6.75,27.61111111,0.976546,1.776378,0,0
1_6_2,1,9.038888889,30.05555556,1.70571475,4.18839,0,0
1_6_3,1,8.205555556,30.83333333,2.696136375,6.13284,0,0
1_7_1,1,9.377777778,26.55555556,1.8741965,5.10027,0,0
1_7_2,1,9.855555556,24.37777778,4.728496375,9.80271,0,1
1_7_3,1,8.166666667,19.96666667,6.20983575,10.4598,8,1
1_8_1,1,9.377777778,26.55555556,1.8741965,5.10027,0,0
1_8_2,1,9.855555556,24.37777778,4.728496375,9.80271,0,1
1_8_3,1,8.166666667,19.96666667,6.20983575,10.4598,8,1
2_1_1,2,9.361111111,23.63888889,7.29947275,11.50578,0,1
2_1_2,2,1.6,19.73333333,1.688263125,4.26885,0,1
2_1_3,2,3.361111111,25.57777778,2.44807,4.7382,0,1
2_11_1,2,10.7,35.22222222,4.355884625,9.51663,0,0
2_11_2,2,10.59444444,32.22222222,2.59986375,6.06579,0,0
2_11_3,2,11.23333333,30.66666667,5.65756725,10.08879,0,0
2_12_1,2,10.7,35.22222222,4.355884625,9.51663,0,0
2_12_2,2,10.59444444,32.22222222,2.59986375,6.06579,0,0
2_12_3,2,11.23333333,30.66666667,5.65756725,10.08879,0,0
2_13_1,2,14.2,35.5,4.120129375,9.834,0,0
2_13_2,2,15.05,31.94444444,4.4302915,9.04281,0,0
2_13_3,2,14.91666667,34,2.11710375,6.41445,0,0
2_14_1,2,14.2,35.5,4.120129375,9.834,0,0
2_14_2,2,15.05,31.94444444,4.4302915,9.04281,0,0
2_14_3,2,14.91666667,34,2.11710375,6.41445,0,0
2_15_1,2,16.40555556,33.16666667,2.544975875,6.45468,0,1
2_15_2,2,19.31666667,34.55555556,3.819670875,7.84932,0,0
2_15_3,2,12.92222222,35.55555556,2.43223875,5.40423,0,0
2_16_1,2,16.40555556,33.16666667,2.544975875,6.45468,0,1
2_16_2,2,19.31666667,34.55555556,3.819670875,7.84932,0,0
2_16_3,2,12.92222222,35.55555556,2.43223875,5.40423,0,0
2_17_1,2,7.561111111,32.22222222,3.192455375,7.07154,0,1
2_17_2,2,14.82777778,34,3.978244125,6.06579,0,1
2_17_3,2,11.34444444,34.61111111,1.748068,3.82185,0,1
2_18_1,2,7.561111111,32.22222222,3.192455375,7.07154,0,1
2_18_2,2,14.82777778,34,3.978244125,6.06579,0,1
2_18_3,2,11.34444444,34.61111111,1.748068,3.82185,0,1
2_2_1,2,9.361111111,23.63888889,7.29947275,11.50578,0,1
2_2_2,2,1.6,19.73333333,1.688263125,4.26885,0,1
2_2_3,2,3.361111111,25.57777778,2.44807,4.7382,0,1
2_3_1,2,8.983333333,28.16666667,1.666714,3.40614,0,1
2_3_2,2,10.92222222,30.66666667,2.178733875,5.29695,0,1
2_3_3,2,9.883333333,33.5,1.949944375,5.12262,0,1
2_4_1,2,8.983333333,28.16666667,1.666714,3.40614,0,1
2_4_2,2,10.92222222,30.66666667,2.178733875,5.29695,0,1
2_4_3,2,9.883333333,33.5,1.949944375,5.12262,0,1
2_5_1,2,10.84444444,21.98333333,6.8943045,12.49365,0,1
2_5_2,2,2.116666667,26.04444444,2.747019875,5.61879,0,1
2_5_3,2,4.755555556,30.88888889,1.0904565,2.424975,0,1
2_6_1,2,10.84444444,21.98333333,6.8943045,12.49365,0,1
2_6_2,2,2.116666667,26.04444444,2.747019875,5.61879,0,1
2_6_3,2,4.755555556,30.88888889,1.0904565,2.424975,0,1
2_7_1,2,17.36666667,31.22222222,7.219348,11.35827,0,1
2_7_2,2,16.37777778,31.33333333,6.385097,10.83528,0,1
2_7_3,2,11.91111111,31.22222222,2.406499,5.25225,0,1
2_8_1,2,17.36666667,31.22222222,7.219348,11.35827,0,1
2_8_2,2,16.37777778,31.33333333,6.385097,10.83528,0,1
2_8_3,2,11.91111111,31.22222222,2.406499,5.25225,0,1
3_1_1,3,6.027777778,30,2.78499625,7.69287,0,1
3_1_2,3,10.52777778,23.16111111,6.611968125,12.56964,0,1
3_1_3,3,4.477777778,21.24444444,4.81512125,7.33527,0,1
3_11_1,3,3.855555556,20.45555556,2.592506875,4.72926,0,1
3_11_2,3,0.111111111,21.70555556,2.7202185,5.93616,0,0
3_11_3,3,1.466666667,22.28333333,3.086702625,8.13987,0,0
3_12_1,3,-1.061111111,20.23333333,4.397865375,8.11305,0,0
3_12_2,3,1.55,20.43888889,3.38293325,6.36975,0,0
3_12_3,3,-0.283333333,22.00555556,1.5122755,4.56834,0,0
3_13_1,3,-0.644444444,18.27222222,3.9810565,8.81484,0,1
3_13_2,3,-3.233333333,18.28888889,1.415779375,3.369486,0,1
3_13_3,3,5.133333333,19.66666667,2.18504775,8.36337,0,1
3_14_1,3,-0.644444444,18.27222222,3.9810565,8.81484,0,1
3_14_2,3,-3.233333333,18.28888889,1.415779375,3.369486,0,1
3_14_3,3,5.133333333,19.66666667,2.18504775,8.36337,0,1
3_15_1,3,3.855555556,20.45555556,2.592506875,4.72926,0,1
3_15_2,3,0.111111111,21.70555556,2.7202185,5.93616,0,0
3_15_3,3,1.466666667,22.28333333,3.086702625,8.13987,0,0
3_16_1,3,1.161111111,15.94444444,4.841699125,9.26184,0,1
3_16_2,3,-2.122222222,12.18888889,5.0441715,9.14115,0,1
3_16_3,3,-4.2,14.36666667,4.24191825,7.82697,0,2
3_17_1,3,6.333333333,19.93888889,3.102347625,8.5377,0,1
3_17_2,3,1.161111111,15.94444444,4.841699125,9.26184,0,1
3_17_3,3,-2.122222222,12.18888889,5.0441715,9.14115,0,1
3_18_1,3,6.027777778,30,2.78499625,7.69287,0,1
3_18_2,3,10.52777778,23.16111111,6.611968125,12.56964,0,1
3_18_3,3,4.477777778,21.24444444,4.81512125,7.33527,0,1
3_19_1,3,0.605555556,23.18333333,2.184991875,4.85442,0,1
3_19_2,3,-0.855555556,27.61111111,2.529256375,7.44702,0,1
3_19_3,3,8.927777778,22.86666667,3.032597,6.6603,0,1
3_2_1,3,0.305555556,23.47777778,1.15910825,4.32696,0,0
3_2_2,3,4.194444444,22.8,1.673400375,6.31164,0,0
3_2_3,3,4,20.97222222,2.65715425,5.81547,0,1
3_20_1,3,0.605555556,23.18333333,2.184991875,4.85442,0,1
3_20_2,3,-0.855555556,27.61111111,2.529256375,7.44702,0,1
3_20_3,3,8.927777778,22.86666667,3.032597,6.6603,0,1
3_3_1,3,-9.016666667,16.88888889,1.731435875,5.61432,0,1
3_3_2,3,-3.716666667,21.51111111,2.455818,6.45915,0,1
3_3_3,3,5.983333333,20.44444444,4.325451375,7.05366,0,1
3_4_1,3,1.022222222,19.76111111,1.802508875,3.205437,0,1
3_4_2,3,-0.633333333,23.13888889,1.308983625,4.14369,0,1
3_4_3,3,11.07222222,22.63333333,4.66202375,7.93425,38,1
3_5_1,3,1.022222222,19.76111111,1.802508875,3.205437,0,1
3_5_2,3,-0.633333333,23.13888889,1.308983625,4.14369,0,1
3_5_3,3,11.07222222,22.63333333,4.66202375,7.93425,38,1
3_6_1,3,-5.705555556,9.25,4.88433175,8.43936,0,1
3_6_2,3,-9.016666667,16.88888889,1.731435875,5.61432,0,1
3_6_3,3,-3.716666667,21.51111111,2.455818,6.45915,0,1
3_7_1,3,0.622222222,25.56111111,3.978616625,9.7446,0,0
3_7_2,3,4.127777778,23.27777778,4.253652,9.13221,0,1
3_7_3,3,1.45,16.87222222,5.59535975,12.7395,0,1
3_8_1,3,-1.061111111,20.23333333,4.397865375,8.11305,0,0
3_8_2,3,1.55,20.43888889,3.38293325,6.36975,0,0
3_8_3,3,-0.283333333,22.00555556,1.5122755,4.56834,0,0
4_1_1,4,17.92222222,37.66666667,3.71416025,8.15328,0,0
4_1_2,4,19.12777778,29.44444444,6.154500875,10.45533,0,0
4_1_3,4,12.46666667,30.83333333,3.015462,6.20883,0,0
4_11_1,4,4.377777778,22.35555556,2.032117875,6.87486,0,0
4_11_2,4,5.505555556,28.61111111,1.237389125,3.091005,0,0
4_11_3,4,6.588888889,31,1.349697875,2.725359,0,0
4_12_1,4,4.377777778,22.35555556,2.032117875,6.87486,0,0
4_12_2,4,5.505555556,28.61111111,1.237389125,3.091005,0,0
4_12_3,4,6.588888889,31,1.349697875,2.725359,0,0
4_13_1,4,11.53888889,30.66666667,4.000109875,11.41191,0,1
4_13_2,4,8.661111111,29.66666667,3.989270125,9.15903,0,1
4_13_3,4,11.01111111,23.02222222,3.70402825,7.65264,0,1
4_14_1,4,2.527777778,25.48333333,3.331621375,7.82697,0,1
4_14_2,4,7.433333333,28.66666667,2.847781125,7.21458,0,1
4_14_3,4,10.98333333,30.22222222,3.6458065,6.82122,0,1
4_15_1,4,11.53888889,30.66666667,4.000109875,11.41191,0,1
4_15_2,4,8.661111111,29.66666667,3.989270125,9.15903,0,1
4_15_3,4,11.01111111,23.02222222,3.70402825,7.65264,0,1
4_16_1,4,2.527777778,25.48333333,3.331621375,7.82697,0,1
4_16_2,4,7.433333333,28.66666667,2.847781125,7.21458,0,1
4_16_3,4,10.98333333,30.22222222,3.6458065,6.82122,0,1
4_17_1,4,3.994444444,23.36666667,4.070996625,8.90424,0,1
4_17_2,4,8.705555556,21.47777778,5.94729775,8.72544,0,1
4_17_3,4,5.705555556,25.16111111,2.397316875,4.34484,0,1
4_18_1,4,13.36666667,28.05555556,5.087176625,8.55558,0,1
4_18_2,4,11.75,30.11111111,4.178239375,8.36784,0,1
4_18_3,4,9.833333333,31.33333333,2.3487615,4.72926,0,1
4_19_1,4,17.92222222,37.66666667,3.71416025,8.15328,0,0
4_19_2,4,19.12777778,29.44444444,6.154500875,10.45533,0,0
4_19_3,4,12.46666667,30.83333333,3.015462,6.20883,0,0
4_2_1,4,3.994444444,23.36666667,4.070996625,8.90424,0,1
4_2_2,4,8.705555556,21.47777778,5.94729775,8.72544,0,1
4_2_3,4,5.705555556,25.16111111,2.397316875,4.34484,0,1
4_20_1,4,13.36666667,28.05555556,5.087176625,8.55558,0,1
4_20_2,4,11.75,30.11111111,4.178239375,8.36784,0,1
4_20_3,4,9.833333333,31.33333333,2.3487615,4.72926,0,1
4_3_1,4,14.98888889,34.22222222,3.05796425,5.94957,0,0
4_3_2,4,11.06666667,35.27777778,1.73208775,4.63092,0,0
4_3_3,4,13.35,37.05555556,2.473679375,5.61879,0,0
4_4_1,4,5.416666667,23.05555556,4.384418125,9.49428,0,1
4_4_2,4,10.63888889,19.31666667,4.65807525,7.79568,0,1
4_4_3,4,5.494444444,16.16666667,2.43521875,6.11049,48,0
4_5_1,4,5.416666667,23.05555556,4.384418125,9.49428,0,1
4_5_2,4,10.63888889,19.31666667,4.65807525,7.79568,0,0
4_5_3,4,5.494444444,16.16666667,2.43521875,6.11049,48,0
4_6_1,4,14.98888889,34.22222222,3.05796425,5.94957,0,0
4_6_2,4,11.06666667,35.27777778,1.73208775,4.63092,0,0
4_6_3,4,13.35,37.05555556,2.473679375,5.61879,0,0
4_7_1,4,7.827777778,32.44444444,1.4212365,5.17626,0,1
4_7_2,4,8.694444444,34.11111111,1.80576825,4.95276,0,1
4_7_3,4,17.87777778,32.94444444,4.073790375,6.91956,0,1
4_8_1,4,7.827777778,32.44444444,1.4212365,5.17626,0,1
4_8_2,4,8.694444444,34.11111111,1.80576825,4.95276,0,1
4_8_3,4,17.87777778,32.94444444,4.073790375,6.91956,0,1
5_1_1,5,-0.905555556,25.66111111,2.065680125,4.91253,0,1
5_1_2,5,5.722222222,26.05,1.36279125,3.98724,0,1
5_1_3,5,3.838888889,27.38888889,1.222824375,3.78162,0,1
5_11_1,5,-5.316666667,13.52222222,2.570231375,7.42467,0,0
5_11_2,5,-4.422222222,9.822222222,3.098604,8.34996,0,0
5_11_3,5,-5.95,9.983333333,4.229532625,9.45405,0,0
5_12_1,5,-5.95,9.983333333,4.229532625,9.45405,0,0
5_12_2,5,-5.577777778,13.3,1.888444625,4.39401,0,0
5_12_3,5,4.444444444,14.87777778,2.98353875,5.49363,3,1
5_13_1,5,7.144444444,24.54444444,1.986710125,4.13028,0,1
5_13_2,5,6.294444444,26.07777778,2.96968175,7.50513,0,1
5_13_3,5,4.9,16.73888889,6.342874125,12.48471,0,1
5_14_1,5,7.144444444,24.54444444,1.986710125,4.13028,0,1
5_14_2,5,6.294444444,26.07777778,2.96968175,7.50513,0,1
5_14_3,5,4.9,16.73888889,6.342874125,12.48471,0,1
5_15_1,5,2.594444444,18.45,2.924478875,5.41764,0,1
5_15_2,5,0.127777778,22.57222222,2.088924125,6.49938,0,1
5_15_3,5,5.766666667,15.50555556,2.957333375,6.17307,33,1
5_16_1,5,2.594444444,18.45,2.924478875,5.41764,0,1
5_16_2,5,0.127777778,22.57222222,2.088924125,6.49938,0,1
5_16_3,5,5.766666667,15.50555556,2.957333375,6.17307,33,1
5_17_1,5,0.122222222,14.84444444,3.87433525,7.30845,0,1
5_17_2,5,-3.961111111,18.89444444,3.336314875,7.74204,0,1
5_17_3,5,-1.4,23.55,1.160207125,2.465652,0,1
5_18_1,5,9.888888889,21.03888889,3.6866325,8.4036,0,1
5_18_2,5,5.105555556,9.877777778,6.621802125,9.18138,3,1
5_18_3,5,1.694444444,16.46666667,4.379948125,8.04153,0,1
5_19_1,5,1.694444444,16.46666667,4.379948125,8.04153,0,1
5_19_2,6,-2.855555556,20.69444444,1.871570375,6.49491,0,1
5_19_3,6,6.705555556,24.37777778,4.048423125,7.63476,0,1
5_2_1,5,3.177777778,30.05555556,1.17199675,2.613162,0,0
5_2_2,5,6.127777778,28.11111111,2.161785125,6.57984,0,1
5_2_3,5,3.427777778,27.72222222,2.754879625,9.01599,0,1
5_20_1,5,9.888888889,21.03888889,3.6866325,8.4036,0,1
5_20_2,5,5.105555556,9.877777778,6.621802125,9.18138,3,1
5_20_3,5,1.694444444,16.46666667,4.379948125,8.04153,0,1
5_3_1,5,-5.805555556,21.46111111,1.036201875,2.400837,0,1
5_3_2,5,-4.672222222,20.64444444,3.19415025,8.70756,0,1
5_3_3,5,0.044444444,12.65,3.779738875,7.97448,0,1
5_4_1,5,-0.877777778,17.12222222,3.94220475,7.80462,0,0
5_4_2,5,2.522222222,18.21666667,4.627735125,7.61241,0,0
5_4_3,5,0.844444444,22.96111111,3.617813125,6.07473,0,0
5_5_1,5,-4.572222222,14.43888889,2.66892525,6.12837,0,0
5_5_2,5,-3.311111111,17.85555556,2.391505875,6.33846,0,0
5_5_3,5,4.216666667,20.73333333,4.6271205,6.82122,0,0
5_6_1,5,4.444444444,14.87777778,2.98353875,5.49363,3,1
5_6_2,5,0.122222222,14.84444444,3.87433525,7.30845,0,1
5_6_3,5,-3.961111111,18.89444444,3.336314875,7.74204,0,1
5_7_1,5,-4.572222222,14.43888889,2.66892525,6.12837,0,0
5_7_2,5,-3.311111111,17.85555556,2.391505875,6.33846,0,0
5_7_3,5,4.216666667,20.73333333,4.6271205,6.82122,0,0
5_8_1,5,-0.877777778,17.12222222,3.94220475,7.80462,0,0
5_8_2,5,2.522222222,18.21666667,4.627735125,7.61241,0,0
5_8_3,5,0.844444444,22.96111111,3.617813125,6.07473,0,0
6_1_1,6,6.394444444,31.72222222,2.07851275,4.58622,0,1
6_1_2,6,11.08888889,33,2.514766125,7.04919,0,1
6_1_3,6,11.18333333,33.27777778,1.8159375,4.11687,0,1
6_11_1,6,7,27.22222222,3.975822875,7.9566,0,1
6_11_2,6,6.272222222,30.72222222,2.217548375,6.38763,0,0
6_11_3,6,9.155555556,34.16666667,2.366734625,6.45915,0,0
6_12_1,6,7,27.22222222,3.975822875,7.9566,0,1
6_12_2,6,6.272222222,30.72222222,2.217548375,6.38763,0,0
6_12_3,6,9.155555556,34.16666667,2.366734625,6.45915,0,0
6_13_1,6,7.15,34.16666667,2.91335975,6.38316,0,0
6_13_2,6,10.00555556,30.5,3.592147875,8.13987,0,0
6_13_3,6,9.511111111,27.61111111,3.254364875,7.21458,0,0
6_14_1,6,7.15,34.16666667,2.91335975,6.38316,0,0
6_14_2,6,10.00555556,30.5,3.592147875,8.13987,0,0
6_14_3,6,9.511111111,27.61111111,3.254364875,7.21458,0,0
6_15_1,6,6.6,30.22222222,2.934238375,6.55302,0,0
6_15_2,6,6.283333333,29.5,2.63011075,7.1967,0,0
6_15_3,6,7.588888889,30.61111111,1.628253375,4.13922,0,0
6_16_1,6,6.6,30.22222222,2.934238375,6.55302,0,0
6_16_2,6,6.283333333,29.5,2.63011075,7.1967,0,0
6_16_3,6,7.588888889,30.61111111,1.628253375,4.13922,0,0
6_17_1,6,10.66666667,32.83333333,1.563159,3.419103,0,1
6_17_2,6,11.12777778,33.5,2.29992675,6.5262,0,1
6_17_3,6,18.04444444,32.55555556,4.452854357,7.38444,0,1
6_18_1,6,5.333333333,26.77777778,2.371782,4.70691,0,2
6_18_2,6,6.394444444,31.72222222,2.07851275,4.58622,0,1
6_18_3,6,11.08888889,33,2.514766125,7.04919,0,1
6_19_1,6,14.34722222,33.66666667,3.450898536,6.97767,0,1
6_19_2,6,10.65,34.77777778,2.448942714,6.5709,0,2
6_19_3,6,12.70555556,34.77777778,2.420411875,8.68968,0,2
6_2_1,6,14.34722222,33.66666667,3.450898536,6.97767,0,1
6_2_2,6,10.65,34.77777778,2.448942714,6.5709,0,2
6_2_3,6,12.70555556,34.77777778,2.420411875,8.68968,0,2
6_20_1,6,5.333333333,26.77777778,2.371782,4.70691,0,1
6_20_2,6,6.394444444,31.72222222,2.07851275,4.58622,0,1
6_20_3,6,11.08888889,33,2.514766125,7.04919,0,1
6_3_1,6,-2.855555556,20.69444444,1.871570375,6.49491,0,1
6_3_2,6,6.705555556,24.37777778,4.048423125,7.63476,0,1
6_3_3,6,5.094444444,20.28333333,5.215055875,13.26696,0,2
6_4_1,6,6.616666667,30.22222222,3.638039875,7.38444,0,1
6_4_2,6,9.044444444,30.83333333,1.657829875,3.090111,0,1
6_4_3,6,9.977777778,32.16666667,3.122444,6.28035,0,1
6_5_1,6,-2.855555556,20.69444444,1.871570375,6.49491,0,1
6_5_2,6,6.705555556,24.37777778,4.048423125,7.63476,0,1
6_5_3,6,5.094444444,20.28333333,5.215055875,13.26696,0,2
6_6_1,6,10.66666667,32.83333333,1.563159,3.419103,0,1
6_6_2,6,11.12777778,33.5,2.29992675,6.5262,0,1
6_6_3,6,18.04444444,32.55555556,4.452854357,7.38444,0,1
6_7_1,6,6.366666667,22.8,3.296643625,7.20564,0,1
6_7_2,6,6.25,22.28888889,3.03077175,7.37103,0,1
6_7_3,6,8.533333333,26.12777778,4.149203,7.12965,0,1
6_8_1,6,6.616666667,30.22222222,3.638039875,7.38444,0,1
6_8_2,6,9.044444444,30.83333333,1.657829875,3.090111,0,1
6_8_3,6,9.977777778,32.16666667,3.122444,6.28035,0,1
