#Det,Gd,Q_BGrsCnt,Q_BGrdAvg,Q_CRBAvg,Q_LtrAvg,Q_CGvlAvg,Q_GvlAvg,Q_SDnCnt,Q_MDnCnt,Q_GrsAvg,Q_FbsAvg,Q_ShbAvg,Sh_NNAvg,Sh_CpyPct,Sh_HtAvg,Sh_Cnt,Sh_SR,Q_FbGsAvg
1316,1,12,85.625,0,2.5,1.25,8.75,2,0,1.25,0.625,4.375,41.33333333,21.84748146,25.83333333,6,1,0.9375
8316,8,6,41.25,0.625,11.875,1.25,62.5,0,3,0,13.75,0,700,0,0,0,0,6.875
1402,1,43,71.25,1.875,2.5,2.5,8.75,1,2,2.5,4.375,11.25,33,22.36470324,36.9,10,1,3.4375
19403,19,5,85,0,2.5,0.625,1.875,0,4,6.25,11.875,0,700,0,0,0,0,9.0625
19409,19,9,71.25,0.625,2.5,0.625,2.5,0,0,0.625,0.625,19.375,9.444444444,42.98496351,31.66666667,9,1,0.625
19404,19,35,79.375,0,2.5,1.25,2.5,0,3,7.5,11.875,0,700,0,0,0,0,9.6875
3109,3,39,73.125,0,2.5,0,1.875,0,5,5.625,0,13.75,32.44444444,31.20191796,33.55555556,9,1,2.8125
19302,19,3,79.375,0,2.5,0,0,0,1,1.875,21.25,0,700,0,0,0,0,11.5625
19101,19,15,88.125,0,2.5,1.25,1.25,0,0,2.5,5.625,0,700,0,0,0,0,4.0625
19301,19,6,73.75,0,2.5,0,0,0,0,2.5,26.25,0,700,0,0,0,0,14.375
19203,19,14,85,0,2.5,0,1.875,0,4,1.25,15,0,700,0,0,0,0,8.125
5202,5,30,85,0.625,5.625,3.75,1.666666667,1,2,2.5,5.625,0,232,6.256939133,45,3,2,4.0625
12116,12,0,97.5,0,2.5,0.625,60,0,3,0,3.125,0,700,0,0,0,0,1.5625
19105,19,14,88.125,0,2.5,0.625,0.625,0,2,3.75,11.875,0,700,0,0,0,0,7.8125
12416,12,26,91.25,0.625,2.5,1.25,60,0,9,5,6.25,0,700,0,0,0,0,5.625
12102,12,29,88.125,0.625,2.5,0.625,2.5,0,2,2.5,1.25,0,700,0,0,0,0,1.875
12414,12,9,73.125,0,2.5,0.625,37.5,0,3,7.5,3.75,0,700,0,0,0,0,5.625
19405,19,15,85,0,2.5,0.625,1.875,0,6,3.125,15.625,0,700,0,0,0,0,9.375
18301,18,19,94.375,0,2.5,0.625,2.5,0,3,2.5,3.75,0.625,52,2.244442539,36,1,1,3.125
12305,12,26,76.25,0.625,2.5,1.25,3.75,0,7,5.625,5.625,0,700,0,0,0,0,5.625
12105,12,28,94.375,0,2.5,0.625,60,0,3,2.5,5,0,700,0,0,0,0,3.75
18102,18,20,85.625,0,5.625,2.5,2.5,0,3,2.5,3.125,0,32.33333333,5.204440027,48.66666667,3,1,2.8125
18101,18,8,82.5,0.625,5.625,1.25,2.5,0,5,2.5,6.875,9.375,59.25,2.761386545,25.5,4,1,4.6875
1311,1,41,79.375,0,2.5,1.875,8.75,0,3,9.375,0.625,4.375,124.6666667,2.364720215,13,3,2,5
1202,1,28,94.375,0,2.5,1.875,60,0,2,3.75,1.25,0.625,23.33333333,14.71443195,46.66666667,3,1,2.5
12213,12,2,58.75,0.625,2.5,1.25,50,0,6,1.875,3.75,0,700,0,0,0,0,2.8125
1406,1,22,68.125,0,11.875,2.5,2.5,1,0,5,0,11.875,16.42105263,31.74413972,36.89473684,19,1,2.5
7209,7,29,85,2.5,8.75,5.625,2.5,0,1,2.5,3.75,0.625,106,2.04999826,21,2,1,3.125
18303,18,23,91.25,0.625,2.5,1.25,15,0,1,2.5,5,0.625,225,5.804995073,17,1,1,3.75
1302,1,36,85,0.625,8.75,2.5,6.666666667,0,4,11.875,1.875,0,700,0,0,0,0,6.875
1309,1,22,73.75,0,2.5,2.5,2.5,0,3,3.125,4.375,16.875,41.625,13.24165543,46.375,8,1,3.75
1301,1,41,70.625,0,5.625,0.625,2.5,1,1,5.625,6.25,16.25,32.33333333,18.75109519,45.66666667,3,1,5.9375
12310,12,8,76.875,0,2.5,1.25,18.75,0,4,2.5,6.875,0,700,0,0,0,0,4.6875
19202,19,5,79.375,0,2.5,0,2.5,0,4,7.5,20.625,0,700,0,0,0,0,14.0625
8214,8,3,85,0,2.5,2.5,60,0,1,0.625,15.625,0,700,0,0,0,0,8.125
7408,7,12,79.375,1.25,5.625,2.5,5.625,0,5,3.75,6.875,0,700,0,0,0,0,5.3125
13106,13,20,50,1.25,11.875,1.25,2.5,0,5,4.375,12.5,0,700,0,0,0,0,8.4375
19102,19,12,91.25,0,2.5,0,2.5,0,0,1.875,5,0,700,0,0,0,0,3.4375
18402,18,18,88.125,0.625,2.5,1.875,2.5,0,3,3.125,5,0.625,111,10.57999102,45.66666667,3,2,4.0625
19402,19,6,88.125,0,2.5,0,2.5,0,4,3.125,11.875,0,700,0,0,0,0,7.5
20306,20,9,68.125,1.25,5.625,2.5,2.5,0,3,4.375,15,3.75,216,4.155552028,17.33333333,3,2,9.6875
19201,19,12,91.25,0,2.5,1.25,2.5,0,2,2.5,8.75,0,700,0,0,0,0,5.625
1102,1,22,50,0.625,5.625,1.25,14.375,1,0,1.875,5.625,11.25,28.11111111,30.30025206,29.11111111,9,1,3.75
3103,3,8,85,0,2.5,1.25,2.5,0,0,1.25,5.625,0,700,0,0,0,0,3.4375
1407,1,27,73.75,0.625,2.5,1.25,8.75,1,2,5,1.25,11.875,24,21.88942586,42.66666667,6,1,3.125
19204,19,4,88.125,0,2.5,0,2.5,0,3,0.625,11.875,0,700,0,0,0,0,6.25
19205,19,24,79.375,0.625,2.5,1.875,2.5,0,1,3.75,9.375,0,700,0,0,0,0,6.5625
19207,19,15,79.375,1.25,2.5,2.5,2.5,0,3,3.75,11.875,0,700,0,0,0,0,7.8125
1413,1,25,82.5,0.625,5.625,0.625,2.5,1,4,3.125,0.625,5,52.66666667,26.12997782,43,9,1,1.875
3202,3,7,85,0,2.5,0,5.625,0,1,3.75,8.75,0,700,0,0,0,0,6.25
1103,1,16,59.375,0.625,5.625,1.875,8.75,1,2,5,5,13.125,20.66666667,29.02830869,35.33333333,6,1,5
3203,3,2,85,0.625,2.5,0.625,10.83333333,0,0,0,11.875,0,700,0,0,0,0,5.9375
19106,19,11,85,0,2.5,1.25,2.5,0,3,6.875,11.875,0,700,0,0,0,0,9.375
12110,12,3,91.25,1.25,2.5,2.5,60,0,2,0,3.75,0,700,0,0,0,0,1.875
19208,19,13,79.375,0,2.5,1.25,2.5,0,3,7.5,18.125,0,700,0,0,0,0,12.8125
19104,19,6,82.5,0,2.5,0,2.5,0,0,1.875,8.75,0,700,0,0,0,0,5.3125
3307,3,12,53.125,0,5.625,0,2.5,1,2,1.875,0.625,40.625,30,19.51970565,29.8,5,1,1.25
19306,19,36,82.5,0.625,2.5,1.875,1.875,0,3,4.375,8.75,0,122,4.155552028,50,1,1,6.5625
12107,12,20,91.25,0,2.5,1.875,60,0,3,4.375,2.5,0,700,0,0,0,0,3.4375
5413,5,11,76.25,0.625,2.5,2.5,2.5,0,1,1.25,8.75,0.625,23.72727273,14.58248762,32.36363636,11,4,5
12413,12,30,67.5,0,2.5,1.25,62.5,0,5,5,2.5,0,700,0,0,0,0,3.75
5403,5,15,67.5,1.25,5.625,5.625,62.5,0,3,5.625,2.5,3.75,24,2.429442382,7.5,2,1,4.0625
12410,12,25,85,0,2.5,0,60,0,8,3.75,3.75,0,700,0,0,0,0,3.75
12112,12,16,97.5,0.625,2.5,0.625,60,0,1,1.875,2.5,0,700,0,0,0,0,2.1875
12301,12,23,88.125,0,2.5,1.875,60,0.116357504,2.341582064,2.5,3.125,0,700,0,0,0,0,2.8125
12313,12,8,94.375,0,2.5,0,0,0,3,0,5.625,0,700,0,0,0,0,2.8125
12201,12,14,91.25,0,2.5,0,2.5,0,8,2.5,9.375,0,700,0,0,0,0,5.9375
12106,12,12,76.25,0,2.5,1.25,37.5,0,3,5,9.375,0,700,0,0,0,0,7.1875
12104,12,22,88.125,0,2.5,0.625,60,0,2,2.5,6.875,0,700,0,0,0,0,4.6875
12108,12,12,88.75,0.625,2.5,1.25,2.5,0,2,0.625,5,0,700,0.717499391,32,1,1,2.8125
12316,12,0,97.5,0.625,2.5,1.25,0,0,1,0,1.875,0,700,0,0,0,0,0.9375
12114,12,31,91.25,2.5,2.5,1.875,60,0,4,2.5,3.75,0,700,0,0,0,0,3.125
12109,12,13,91.25,0.625,2.5,1.25,60,0,1,2.5,3.125,0,700,0,0,0,0,2.8125
12115,12,3,97.5,0.625,2.5,1.875,60,0,3,0.625,3.125,0,700,0,0,0,0,1.875
12203,12,23,82.5,0,5.625,1.25,37.5,0,7,6.25,5.625,0,700,0,0,0,0,5.9375
12315,12,1,94.375,0.625,2.5,2.5,0,0,2,0,1.25,0,700,0,0,0,0,0.625
12314,12,2,88.125,1.875,2.5,2.5,0,0,3,0.625,4.375,0,700,0,0,0,0,2.5
12205,12,24,79.375,0,2.5,0.625,37.5,0,9,3.75,12.5,0,700,0,0,0,0,8.125
5203,5,22,73.75,0.625,2.5,2.5,8.75,0,2,1.875,5.625,0,235,3.446385964,36.33333333,3,2,3.75
19206,19,14,73.75,1.875,2.5,2.5,2.5,0,0,5,11.875,0,700,0,0,0,0,8.4375
19406,19,30,85,1.25,2.5,2.5,2.5,0,4,3.75,11.875,0,700,0,0,0,0,7.8125
12407,12,45,38.75,1.25,5.625,5.625,61.25,0,5,6.875,5.625,0,700,0,0,0,0,6.25
12307,12,24,91.25,0.625,2.5,1.875,0,0,5,1.25,2.5,0,700,0,0,0,0,1.875
1109,1,26,82.5,0,5.625,1.25,2.5,1,5,8.75,0.625,0.625,88,10.01026928,29,5,1,4.6875
8204,8,30,61.875,5.625,2.5,43.75,60,0,10,4.375,0.625,0,700,2.343331344,65,1,1,2.5
8402,8,36,61.875,2.5,2.5,15,50,0,4,5.625,1.875,0,700,0,0,0,0,3.75
8407,8,7,76.25,1.25,2.5,2.5,15,0,3,1.875,3.125,10,181,7.619993532,52,2,1,2.5
8116,8,16,73.75,0.625,2.5,5.625,60,0,3,4.375,10,0,161,0.375833014,5,1,1,7.1875
8301,8,25,23.75,12.5,2.5,55.625,60,0,4,5,0,0,700,0,0,0,0,2.5
8309,8,27,55.625,5.625,2.5,43.75,60,0,1,5,3.75,0,700,0,0,0,0,4.375
8406,8,17,85,3.125,2.5,15,60,0,0,1.875,3.75,0,700,0,0,0,0,2.8125
5407,5,18,85,1.875,2.5,2.5,60,0,3,1.875,2.5,5,102.4,6.224994716,27,5,3,2.1875
5408,5,6,68.125,0.625,2.5,2.5,2.5,0,1,0.625,5.625,17.5,56.77777778,9.733325071,31.77777778,9,3,3.125
7203,7,28,82.5,1.25,2.5,2.5,37.5,0,4,1.875,1.25,0,97,5.853328365,24,2,2,1.5625
13103,13,31,44.375,3.125,5.625,2.5,26.25,0,0,8.75,2.5,0,700,0,0,0,0,5.625
13108,13,12,50,0,8.75,0,0.625,0,0,4.375,15,0,700,0,0,0,0,9.6875
13115,13,15,31.875,3.75,2.5,5.625,26.25,0,0,3.75,5.625,0,700,0,0,0,0,4.6875
13401,13,16,15,2.5,2.5,2.5,37.5,0,0,4.375,10,0,700,0,0,0,0,7.1875
13406,13,10,50,0,11.875,2.5,2.5,6,0,4.375,15,0,700,0,0,0,0,9.6875
13301,13,14,26.25,2.5,2.5,2.5,37.5,0,0,8.125,6.25,0,700,0,0,0,0,7.1875
13311,13,12,15,3.75,2.5,8.75,31.875,0,0,3.75,6.25,0,700,0,0,0,0,5
13415,13,9,26.25,2.5,2.5,2.5,37.5,1,0,3.75,9.375,0,700,0,0,0,0,6.5625
20301,20,13,79.375,2.5,2.5,2.5,2.5,0,4,3.75,13.125,0,77.5,4.246107507,29,4,4,8.4375
20307,20,2,68.125,1.25,8.75,1.875,2.5,0,3,2.5,15,0,51,1.320832212,15,3,2,8.75
1210,1,47,58.75,0,2.5,0.625,15,0,8,4.375,5,13.75,57.5,17.17998542,27.375,8,1,4.6875
12409,12,3,97.5,0,2.5,0,60,0,2,1.875,3.125,0,700,0,0,0,0,2.5
8216,8,2,38.125,0,2.5,1.25,62.5,0,4,0,23.125,0,700,0,0,0,0,11.5625
19304,19,9,82.5,0,2.5,0.625,1.25,0,1,1.25,11.875,0,700,0,0,0,0,6.5625
19103,19,10,76.875,0.625,2.5,0,2.5,0,0,1.875,23.125,0,700,0,0,0,0,12.5
18302,18,20,91.25,0,2.5,0.625,2.5,1,0,2.5,7.5,0,700,0.038888856,10,1,1,5
19412,19,25.5,67.5,1.875,2.5,1.875,2.5,0,0.75,2.5,7.5,4.375,21.55555556,27.62164322,30.66666667,9,1,5
19110,19,40,88.125,0.625,2.5,0.625,2.5,2,3,5,8.75,4.375,44,14.24832124,27,2,1,6.875
7301,7,30,85,0.625,2.5,2.5,2.5,0,1,8.75,1.875,0.625,123,2.693886602,21,2,1,5.3125
2301,2,6,94.375,0,5,0,2.5,0,2,1.875,0.625,88.25,8.143326421,13,4,1,,1.25
2101,2,16.08859949,94.375,0,0.625,0,2.5,0,2,1.25,1.25,16.25,58.5,5.884161672,23.83333333,6,1,1.25
19303,19,5,85,0,2.5,0,0.625,0,1,1.25,15,0,700,0,0,0,0,8.125
2316,2,6,65,0.625,1.875,2.5,2.5,0,1,1.25,1.875,22.5,28.16666667,21.96275914,39.25,12,1,1.5625
2309,2,5,53.125,1.25,2.5,1.875,2.5,0,2,8.125,1.25,34.375,18.33333333,15.53498681,27.66666667,6,1,4.6875
11215,11,11,73.75,2.5,2.5,5.625,2.5,0,2,6.875,11.25,1.875,121.3333333,9.299992106,55.66666667,3,1,9.0625
14404,14,7,15,2.5,2.5,5.625,37.5,0,0,1.25,8.75,9.375,700,0,0,0,0,5
15113,15,9,73.75,1.25,5.625,5.625,2.5,0,5,1.875,11.875,0.625,84,13.12582219,30.28571429,7,2,6.875
5113,5,15,82.5,1.25,2.5,2.5,2.5,0.116357504,2.341582064,5.625,5,8.125,20.61538462,17.81498488,29.30769231,13,4,5.3125
14111,14,2,20.625,3.125,5.625,15,31.875,0,0,0,11.875,0,700,0,0,0,0,5.9375
19316,19,13,73.125,1.25,2.5,2.5,8.75,1,1,3.75,6.875,0,22,12.99387786,37.25,4,1,5.3125
11102,11,48,73.75,3.75,2.5,5.625,10.83333333,0,4,13.75,1.875,0,700,0,0,0,0,7.8125
11313,11,17,62.5,1.875,2.5,8.75,6.666666667,0,1,3.125,13.75,4.375,64.66666667,7.620271309,24,3,2,8.4375
7308,7,22,85,1.25,5.625,2.5,10.83333333,0,3,2.5,3.125,0.625,186.3333333,2.641386647,21,3,1,2.8125
14211,14,2.5,20.625,2.5,2.5,11.875,37.5,0.116357504,2.341582064,0.625,11.875,0,700,0,0,0,0,6.25
17311,17,21,62.5,2.5,2.5,8.75,2.5,0,3,5,11.25,1.25,148.5,2.028609389,23.75,4,3,8.125
18207,18,0,88.125,1.875,2.5,11.875,60,0,0,0.625,4.375,0,243,0.163333195,24.5,2,2,2.5
17410,17,14,85,2.5,2.5,8.75,2.5,0,5,3.75,6.875,0.625,57,2.622775551,13.2,5,2,5.3125
11213,11,17,68.125,2.5,2.5,11.875,2.5,0,1,6.25,11.25,0,70.66666667,6.227772491,29.66666667,3,2,8.75
14311,14,4,15,2.5,2.5,11.875,43.75,0,0,0.625,15.625,0,700,0,0,0,0,8.125
20412,20,4,68.125,0.625,5.625,1.875,1.875,0,5,2.5,26.875,0.625,57.25,2.089720448,16.25,4,3,14.6875
11212,11,18,56.25,2.5,5.625,2.5,2.5,0,2,4.375,23.75,3.75,87.25,6.168328097,31,4,2,14.0625
14314,14,5,26.25,2.5,8.75,8.75,31.875,0,0,3.75,13.125,0,700,0,0,0,0,8.4375
4310,4,11,50,2.5,2.5,20.625,31.875,0,0,1.25,6.875,0,700,0,0,0,0,4.0625
5314,5,7,76.25,1.25,5.625,2.5,2.5,1,2,1.25,5.625,13.125,28,21.24220419,32.54545455,11,3,3.4375
13308,13,17,15,2.5,2.5,2.5,37.5,0,0,1.25,10,0,700,0,0,0,0,5.625
19312,19,13,61.875,0,2.5,1.875,2.5,3,1,3.125,6.875,0,14.33333333,38.51191175,34.22222222,9,1,5
4206,4,14,55.625,0,1.875,2.5,11.25,1,0,4.375,6.25,4.375,654,1.636109722,23,1,1,5.3125
5415,5,16,68.125,1.875,5.625,2.5,2.5,0,6,0.625,5.625,17.5,21.125,16.58054148,35.4375,16,4,3.125
16103,16,7,20.625,1.875,2.5,35.625,2.5,0,4,3.125,5.625,1.25,61.75,6.483883385,34,4,2,4.375
17402,17,24,85,2.5,2.5,2.5,2.5,0,2,4.375,14.375,0.625,235.6666667,0.624443914,18.33333333,3,1,9.375
20109,20,14,68.125,0.625,2.5,1.875,2.5,0,6,4.375,26.875,0,99,0.483332923,27,1,1,15.625
5409,5,8,85,1.25,11.875,2.5,60,0,5,3.75,2.5,0.625,90,10.75804642,35.25,8,3,3.125
20107,20,12,73.75,1.25,2.5,2.5,2.5,0,5,4.375,21.25,1.25,92.2,3.223886152,13.2,5,2,12.8125
15114,15,4,73.75,2.5,2.5,5.625,2.5,0,4,1.875,15,11.25,145,1.452498767,20,3,2,8.4375
5309,5,4,79.375,1.25,8.75,5.625,2.5,0,2,0.625,8.75,4.375,50.44444444,11.19693494,21.77777778,9,4,4.6875
4309,4,2,44.375,2.5,2.5,11.875,32.5,0,0,0,17.5,0,700,0,0,0,0,8.75
14210,14,12,37.5,1.25,17.5,1.875,10.625,1,2.341582064,1.875,15,0,700,0,0,0,0,8.4375
4314,4,22,73.75,0,5.625,1.25,1.875,0,1,3.75,1.25,21.875,91.33333333,13.90665486,45,3,1,2.5
13309,13,12,26.25,2.5,2.5,5.625,37.5,0,1,1.25,11.875,0,700,0,0,0,0,6.5625
17212,17,22,73.75,5,5.625,5.625,2.5,0,5,4.375,5,0.625,62.9,9.937769342,33.9,10,3,4.6875
4305,4,24,43.75,2.5,2.5,26.25,26.25,0,0,2.5,2.5,0,700,0,0,0,0,2.5
5109,5,13,56.25,1.875,5.625,2.5,2.5,2,1,2.5,11.875,8.125,36.875,6.542772224,24.25,8,2,7.1875
6115,6,26,73.75,2.5,5.625,5.625,15,0,6,2.5,1.875,4.375,71.42857143,6.56249443,36.57142857,7,3,2.1875
12204,12,45,85,1.875,5.625,2.5,60,0,13,3.75,1.875,0,700,0,0,0,0,2.8125
12207,12,25,70.625,1.25,2.5,2.5,62.5,0,6,3.125,6.875,0,700,0,0,0,0,5
13407,13,13,15,2.5,2.5,5.625,31.875,0,2,4.375,10.625,0,700,0,0,0,0,7.5
14204,14,7,15,6.25,2.5,15,37.5,0.116357504,2.341582064,4.375,12.5,0,700,0,0,0,0,8.4375
14215,14,26.5,38.125,2.5,5.625,5.625,31.875,0.116357504,2.341582064,4.375,11.875,0,700,0,0,0,0,8.125
16214,16,24,61.875,2.5,5.625,5.625,15,0,3,6.875,4.375,0,197,0.229999805,5,1,1,5.625
17310,17,9,62.5,2.5,2.5,15,60,0,3,2.5,17.5,7.5,261,0.29833308,14.5,2,1,10
17416,17,10,79.375,2.5,5.625,8.75,2.5,0,3,3.125,23.125,9.375,52.22222222,6.884160823,24.11111111,9,4,13.125
20201,20,5,73.75,3.125,5.625,2.5,2.5,0,3,3.75,16.25,0,79.25,1.629443061,13,4,3,10
4210,4,7,31.875,1.875,5.625,15,37.5,0,0,0,17.5,0,700,0,0,0,0,8.75
13413,13,4,15,2.5,2.5,8.75,31.875,1,0,9.375,11.875,0,700,0,0,0,0,10.625
15408,15,19,85,1.875,5.625,5.625,8.75,0,4,1.25,3.125,0.625,53,2.129720414,31.25,4,2,2.1875
18115,18,17,56.25,5.625,2.5,37.5,60,0,0,1.25,4.375,0,700,0,0,0,0,2.8125
18213,18,14,85,2.5,2.5,11.875,60,0,0,4.375,2.5,0,700,0,0,0,0,3.4375
1115,1,7,50.625,6.875,2.5,31.875,60,0,2,1.25,1.25,0,52.33333333,2.236664768,29.66666667,3,1,1.25
5212,5,8,65,0,5.625,2.5,2.5,0,5,1.25,8.75,8.125,36.89473684,12.98582231,23.26315789,19,4,5
8304,8,44,32.5,12.5,2.5,50.625,60,0,9,8.75,0,0,700,0,0,0,0,4.375
8401,8,27,79.375,3.125,2.5,11.875,37.5,0,2,4.375,1.25,0,700,0,0,0,0,2.8125
18408,18,16,88.125,7.5,2.5,2.5,60,0,0,1.875,4.375,0,104,0.478332927,34,1,1,3.125
1314,1,13,82.5,1.25,2.5,5.625,60,0,2,5,0,7.5,34.85714286,14.82943186,37.71428571,7,1,2.5
15402,15,17,85,2.5,2.5,15,60,0,0,1.875,1.875,0,700,0,0,0,0,1.875
8315,8,19,41.25,1.25,8.75,4.375,50,0,3,1.25,11.25,0,700,0,0,0,0,6.25
3212,3,7,73.75,2.5,2.5,8.75,11.875,0,2,0,1.25,16.875,26.69230769,36.24441368,37.92307692,13,1,0.625
3310,3,11,85,1.875,2.5,2.5,8.75,1,0,0,3.125,0,167,5.979994924,28,1,1,1.5625
4104,4,27,56.25,2.5,2.5,20.625,11.875,0,0,11.25,3.125,0,700,0,0,0,0,7.1875
4404,4,12,61.875,2.5,2.5,15,11.875,0,0,4.375,14.375,0,700,0,0,0,0,9.375
6313,6,14,79.375,2.5,5.625,2.5,10.83333333,0,3,5.625,3.125,3.75,39.16666667,7.801382267,29,6,2,4.375
11103,11,31,79.375,1.25,2.5,2.5,2.5,0,6,5,18.125,0,700,0,0,0,0,11.5625
20408,20,5,79.375,1.875,2.5,2.5,2.5,0,3,4.375,16.25,4.375,61,3.048330746,20.33333333,6,3,10.3125
2303,2,10,76.875,1.25,1.875,0,2.5,0,2,1.25,5.625,10,25.66666667,17.86220706,13,9,1,3.4375
7409,7,19,79.375,1.25,2.5,2.5,11.875,0,6,7.5,3.75,0.625,78,0.298610858,26,1,1,5.625
8207,8,34,76.875,2.5,2.5,14.375,60,0,3,6.25,1.25,0,700,0,0,0,0,3.75
11203,11,36,73.75,2.5,2.5,5.625,8.75,0,5,10.625,2.5,0,700,0,0,0,0,6.5625
14103,14,4,20.625,2.5,5.625,11.875,31.875,0,1,1.25,15.625,0,700,0,0,0,0,8.4375
15305,15,26,85,2.5,2.5,5.625,60,0,2,1.875,2.5,0.625,132,2.867219788,24.5,2,1,2.1875
17411,17,17,79.375,2.5,2.5,2.5,2.5,0,6,4.375,13.75,0.625,42.6,3.948329982,29.2,10,4,9.0625
20111,20,10,68.125,0,2.5,2.5,2.5,0,3,3.75,27.5,0,70.6,3.282497214,23.4,5,3,15.625
1415,1,23,79.375,5.625,2.5,5.625,60,0,2,12.5,3.125,0.625,69.66666667,6.133328127,36,6,1,7.8125
7111,7,20,79.375,2.5,5.625,5.625,8.75,0,3,9.375,6.25,0,160,1.781387377,14.66666667,3,1,7.8125
12404,12,30,56.25,1.875,2.5,26.25,0,0,6,2.5,5.625,0,700,0,0,0,0,4.0625
14216,14,16,37.5,5.625,11.25,5,8.125,1,2.341582064,1.25,11.875,0,700,0,0,0,0,6.5625
17108,17,10,68.125,0.625,2.5,2.5,2.5,0,3,3.75,8.75,0.625,118.6,1.066387984,15.2,5,2,6.25
19109,19,34,73.75,0.625,2.5,1.875,1.875,0,0,4.375,21.25,3.75,700,0,0,0,0,12.8125
2113,2,16.08859949,50,1.25,2.5,1.25,0.625,0,3,1.25,5.625,28.75,23.125,26.52497748,40.75,8,1,3.4375
6403,6,28,79.375,1.875,5.625,2.5,8.75,0,2,2.5,5.625,3.75,119.6,2.806386507,22.2,5,2,4.0625
6416,6,11,67.5,0,8.75,2.5,2.5,0,4,1.25,2.5,13.125,15.26315789,22.11525901,31.94736842,19,4,1.875
15302,15,31,79.375,3.125,2.5,8.75,15,0,1,5,2.5,0,145.3333333,3.263330563,21.33333333,3,2,3.75
20113,20,10,62.5,2.5,2.5,1.875,1.875,0,5,3.125,27.5,0,74,2.895553098,21.6,5,2,15.3125
8109,8,20,79.375,1.875,2.5,11.875,60,0,3,5.625,3.125,0,700,0,0,0,0,4.375
15410,15,11,79.375,0.625,2.5,2.5,2.5,0,5,1.25,8.75,9.375,47.8,9.306936544,29.3,10,3,5
3412,3,8,79.375,3.125,2.5,15,15,0,1,1.25,1.875,5.625,12.30769231,35.22913676,37.42307692,26,1,1.5625
4107,4,16,38.75,8.125,5.625,23.125,2.5,0,0,8.125,2.5,0,116,1.226665625,22,1,1,5.3125
1312,1,30,79.375,0.625,2.5,1.875,26.25,0,6,9.375,0,8.125,41,21.77192596,31.4,10,1,4.6875
2212,2,6,68.125,1.25,2.5,2.5,2.5,0,0,8.125,2.5,28.125,48.625,13.00471118,52.25,8,1,5.3125
3304,3,5,85,1.25,2.5,2.5,60,0,1,3.75,2.5,0,700,0,0,0,0,3.125
6415,6,16,73.125,1.25,8.75,2.5,5.625,0,5,1.875,6.25,16.875,33.5,24.737479,31.41666667,12,4,4.0625
8113,8,27,73.75,2.5,2.5,26.25,60,0,2,2.5,8.75,0,700,0,0,0,0,5.625
15112,15,7,79.375,1.875,5.625,8.75,2.5,0,3,1.25,9.375,7.5,71.25,9.38999203,26.75,8,3,5.3125
18401,18,24,94.375,0,2.5,2.5,2.5,0,1,1.25,4.375,0,192,6.459994517,64,1,1,2.8125
18407,18,6,85,1.875,2.5,2.5,60,0,0,1.875,3.75,0,700,0,0,0,0,2.8125
2213,2,18,58.75,0.625,2.5,1.25,2.5,0,2,5,1.25,21.25,28.33333333,16.03665305,28.5,6,1,3.125
3315,3,15,67.5,2.5,5.625,5.625,8.75,0,1,1.875,0.625,17.5,16.75,28.91108657,43.5,16,1,1.25
16115,16,18,73.75,1.875,2.5,5.625,2.5,0,6,3.125,2.5,0,144,0.933332541,17,2,2,2.8125
20211,20,17,79.375,2.5,2.5,1.875,2.5,0,3,5,16.875,1.25,65.66666667,0.633610573,13,3,3,10.9375
2404,2,16.08859949,61.875,0,2.5,0.625,5,0,2,8.125,6.875,10.625,89.25,11.0044351,51.25,4,1,7.5
2302,2,1,91.25,0,2.5,0,2.5,0,3,5.625,0,4.375,47.45454545,21.18414868,10.72727273,11,1,2.8125
4410,4,22,73.75,1.25,8.75,8.75,2.5,0,0,11.875,2.5,0,700,0,0,0,0,7.1875
11414,11,16,62.5,2.5,2.5,5.625,11.875,0,1,8.125,16.875,0,207,2.274998069,29,3,2,12.5
1215,1,20,91.25,1.875,2.5,5.625,60,1,1,2.5,1.25,0,49.2,3.413885991,32.4,5,1,1.875
2208,2,7,55.625,1.25,1.875,14.375,2.5,0,1,3.75,1.875,28.75,21.5,20.08553851,41.85714286,14,1,2.8125
2310,2,8,82.5,1.875,2.5,2.5,5.625,0,1,7.5,1.875,0.625,37.5,11.08693503,34.625,8,1,4.6875
3303,3,5,85,0,2.5,1.875,60,0,0,1.25,5.625,0,700,0,0,0,0,3.4375
5305,5,10,79.375,1.875,2.5,5.625,15,0,2,0.625,11.875,4.375,92.33333333,1.107221282,37.66666667,3,2,6.25
11407,11,30,79.375,2.5,2.5,2.5,2.5,0,3,6.875,20.625,0,700,0,0,0,0,13.75
15310,15,13,79.375,2.5,5.625,5.625,2.5,0,4,3.125,6.25,0.625,100.75,7.974715453,27.25,4,1,4.6875
17404,17,5,79.375,2.5,2.5,2.5,2.5,0,4,3.125,16.25,0,90.8,7.942771036,28.4,5,3,9.6875
19407,19,26,85,1.25,2.5,1.875,2.5,0,4,11.25,12.5,10,700,0,0,0,0,11.875
11302,11,43,79.375,2.5,2.5,11.875,10.83333333,0,0,11.25,2.5,0,700,0,0,0,0,6.875
13101,13,25,50,2.5,5.625,2.5,11.875,0,0,7.5,8.75,0,700,0,0,0,0,8.125
2210,2,7,67.5,1.25,2.5,2.5,2.5,0,3,2.5,2.5,22.5,21.92857143,15.37970917,40,14,1,2.5
4312,4,5,68.125,2.5,5,5.625,17.5,0,0,7.5,8.125,0,700,0,0,0,0,7.8125
4407,4,22,56.25,2.5,8.75,8.75,17.5,0,0,1.25,14.375,0,700,0,0,0,0,7.8125
5410,5,8,67.5,1.875,5.625,1.875,2.5,0,5,0.625,11.875,8.125,47.08333333,14.35859892,33.16666667,12,3,6.25
7210,7,16,73.75,1.875,5.625,2.5,8.75,0,4,1.875,5.625,0,129,3.316108296,36,1,1,3.75
8106,8,17,55.625,2.5,2.5,44.375,60,0,6,4.375,2.5,0,700,0,0,0,0,3.4375
11401,11,40,85,2.5,2.5,2.5,6.666666667,0,1,6.875,6.25,0,700,0,0,0,0,6.5625
13208,13,21,38.125,2.5,2.5,2.5,5.625,1,2,5,11.875,0,700,0,0,0,0,8.4375
14109,14,1,15,3.125,2.5,15,37.5,0,0,0,11.875,0,700,0,0,0,0,5.9375
15106,15,21,67.5,3.125,5.625,8.75,2.5,0,2,0.625,8.75,4.375,112,4.046663232,28.33333333,3,2,4.6875
15202,15,27,68.125,3.125,2.5,26.25,60,0,5,5.625,2.5,3.75,58,1.816942902,21,2,1,4.0625
17214,17,7,61.875,1.875,5.625,8.75,2.5,0,3,3.75,11.25,0,128.2,6.708049862,19.2,5,2,7.5
18205,18,1,88.125,1.875,2.5,5.625,60,0,0,0,5,0,395,2.454164584,65,1,1,2.5
18212,18,3,79.375,2.5,2.5,20.625,60,0,0,0.625,3.75,0,700,0,0,0,0,2.1875
18308,18,12,85,5,2.5,8.75,60,0,0,0.625,3.75,0,700,0,0,0,0,2.1875
2206,2,5,38.125,1.25,2.5,2.5,17.5,0,1,0.625,2.5,3.75,32.875,18.78387294,48.5,8,1,1.5625
2307,2,16.08859949,85.625,1.875,2.5,2.5,2.5,0,1,0.625,3.125,9.375,23.2,21.78192596,35.8,10,1,1.875
4209,4,6,31.875,5.625,1.875,14.375,38.125,0,0,0,12.5,0,700,0,0,0,0,6.25
4414,4,0,68.125,1.875,2.5,5.625,2.5,0,0,1.25,14.375,0,68.5,12.87776685,107.5,2,1,7.8125
5103,5,22,73.125,0.625,2.5,1.875,2.5,1,0,1.25,8.75,0,114.6666667,4.84694033,32,3,1,5
5312,5,13,76.875,0,11.875,2.5,2.5,0,2,1.875,8.75,3.75,36.8,11.73887892,37.26666667,15,4,5.3125
7307,7,15,85,1.25,2.5,8.75,2.5,0,3,1.25,3.75,1.25,118,3.051941854,19.5,2,1,2.5
8307,8,29,38.125,1.875,2.5,17.5,61.25,0,3,14.375,1.25,0,700,0,0,0,0,7.8125
11307,11,22,79.375,1.875,2.5,5.625,5.625,0,2,5,17.5,0,700,0,0,0,0,11.25
11403,11,46,68.125,2.5,2.5,11.875,2.5,0,0,3.75,9.375,0,700,0,0,0,0,6.5625
12103,12,23,85,2.5,2.5,11.875,60,0,0,1.25,1.25,0,700,0,0,0,0,1.25
12306,12,23,88.125,0.625,2.5,5.625,0,0,2,5.625,3.125,0,700,0,0,0,0,4.375
16404,16,7,68.125,1.875,2.5,2.5,2.5,1,2,3.75,11.25,1.875,70.4,9.087214509,46.8,5,2,7.5
17206,17,13,62.5,2.5,2.5,8.75,15,0,4,3.75,4.375,3.75,130,3.991107723,19.66666667,3,2,4.0625
18107,18,8,85,2.5,2.5,8.75,60,0,0,2.5,4.375,0,700,0,0,0,0,3.4375
1213,1,39,46.875,1.25,2.5,5.625,37.5,0,1,2.5,0,13.125,51,5.019440184,37,3,1,1.25
7212,7,30,68.125,1.25,2.5,2.5,11.875,0,2,2.5,6.25,0.625,106.3333333,3.167219534,14,3,1,4.375
7215,7,16,79.375,0.625,2.5,5.625,5.625,0,3,1.875,3.125,0.625,122,3.368608252,31,2,1,2.5
8103,8,24,31.875,2.5,2.5,37.5,60,0,7,6.25,2.5,0,700,0,0,0,0,4.375
11210,11,25,61.875,1.875,2.5,2.5,8.75,0,1,5,16.25,3.75,117,2.86360868,42,2,2,10.625
12101,12,26,97.5,0,1.875,2.5,2.5,0,1,2.5,0,0,700,0,0,0,0,1.25
14416,14,6,26.25,3.125,2.5,5.625,26.25,0,0,1.25,9.375,0.625,700,0,0,0,0,5.3125
16107,16,22,73.75,2.5,2.5,11.875,15,0,5,4.375,2.5,0,109.6666667,9.933602679,32,6,2,3.4375
16414,16,25,73.75,1.25,8.75,2.5,5.625,0,5,4.375,3.125,0,160.25,2.002220523,23.75,4,1,3.75
18410,18,14,79.375,6.875,2.5,15,60,0,0,1.25,2.5,0,480,0.400832993,22,1,1,1.875
19114,19,7,73.75,1.25,2.5,2.5,2.5,1,6,3.75,10,28.125,22.88235294,52.05440026,34.64705882,17,1,6.875
1101,1,11,73.75,0.625,2.5,1.875,2.5,1,1,5.625,0,13.125,83.8,23.73053541,68.4,5,1,2.8125
3413,3,9,61.875,2.5,8.75,8.75,11.875,0,4,1.875,1.875,17.5,20,49.10801387,41.875,16,1,1.875
7404,7,19,73.75,0.625,8.75,2.5,15,1,0,3.125,6.875,0,82,0.857499272,9,2,1,5
8415,8,6,73.75,2.5,5.625,11.875,0,0,1,1.25,6.25,0,700,0,0,0,0,3.75
19215,19,6,73.75,2.5,5.625,2.5,2.5,1,3,1.875,10,13.75,37.09090909,20.86498229,31.09090909,11,1,5.9375
3408,3,8,79.375,0,5.625,1.25,2.5,2,1,1.875,0,5,22.25,78.0579893,41,8,1,0.9375
8408,8,27,85,3.125,5.625,11.875,60,0,0,1.875,2.5,0,700,0,0,0,0,2.1875
5402,5,22,79.375,1.25,2.5,2.5,15,0,4,2.5,15,0,115.6666667,1.361109956,20.33333333,3,1,8.75
15206,15,8,62.5,2.5,5.625,5.625,2.5,0,2,0.625,15,0,217,1.923887256,18.5,2,1,7.8125
17413,17,6,88.125,2.5,2.5,2.5,2.5,0,1,3.75,8.125,3.75,55,0.491944027,15.75,4,1,5.9375
3111,3,9,76.875,0.625,5.625,1.875,2.5,0,2,1.25,1.875,8.125,24.125,48.12662582,46.5,8,1,1.5625
7213,7,22,79.375,0,5.625,8.75,2.5,0,4,2.5,3.125,0,189.3333333,0.988888049,14.33333333,3,1,2.8125
15414,15,12,79.375,1.25,8.75,2.5,5.625,0,4,0.625,5.625,9.375,106,3.581663626,25.66666667,3,1,3.125
5310,5,3,85,1.25,11.875,2.5,2.5,0,5,4.375,8.75,4.375,30.53846154,9.349158731,26.53846154,13,4,6.5625
5311,5,20,73.75,1.25,8.75,2.5,2.5,0,5,2.5,8.75,0,65.875,7.049994016,33.375,8,3,5.625
7402,7,36,79.375,0.625,5.625,1.875,2.5,1,0,11.875,1.25,0,422,1.442776553,7,1,1,6.5625
2114,2,16.08859949,70.625,0,2.5,1.25,2.5,0,2,1.25,0.625,29.375,41.2,24.37414598,42.8,10,1,0.9375
8414,8,5,85,0.625,2.5,5.625,0,0,4,0.625,13.75,0,700,0,0,0,0,7.1875
16108,16,18,73.75,2.5,2.5,11.875,8.75,0,4,4.375,2.5,1.25,163.25,6.076383731,25.5,4,1,3.4375
16207,16,8,76.25,0.625,2.5,1.875,2.5,0,4,2.5,2.5,1.25,104.6,9.681102894,22.4,5,2,2.5
18309,18,12,85,6.875,2.5,8.75,60,0,0,0.625,2.5,0,700,0,0,0,0,1.5625
3305,3,3,79.375,0.625,2.5,2.5,37.5,0,3,0,2.5,0,700,0,0,0,0,1.25
6113,6,25,68.125,1.25,5.625,17.5,2.5,0,4,5.625,1.875,0,64.6,6.48221672,26.6,5,4,3.75
6206,6,13,85,1.25,2.5,2.5,5.625,0,3,1.25,4.375,0,120.3333333,4.848884773,35,3,2,2.8125
13315,13,14,26.25,2.5,2.5,2.5,26.25,0,1,5,8.75,0,700,0,0,0,0,6.875
14102,14,6,50,1.875,11.875,2.5,2.5,3,1,2.5,11.875,0,700,0,0,0,0,7.1875
14306,14,9,15,2.5,2.5,8.75,37.5,0,0,5,11.875,0,700,0,0,0,0,8.4375
15111,15,12,50.625,0.625,11.875,2.5,2.5,0,5,1.875,15,3.75,65.9,10.68749093,27.7,10,3,8.4375
15401,15,25,73.75,2.5,5.625,17.5,60,0,2,2.5,3.125,0,80,2.854164244,29.5,2,2,2.8125
16215,16,16,62.5,2.5,2.5,5.625,2.5,0,1,8.125,2.5,0,143,0.172222076,23,1,1,5.3125
17213,17,6,68.125,2.5,2.5,5.625,15,0,2,3.75,8.125,1.25,700,0,0,0,0,5.9375
2407,2,16.08859949,73.75,1.25,2.5,2.5,2.5,0,2,4.375,2.5,9.375,7.714285714,11.82526774,35.14285714,7,1,3.4375
5206,5,32,79.375,1.25,2.5,5.625,2.5,1,2,1.875,5.625,9.375,138,6.864994173,26,4,2,3.75
5303,5,30,61.875,2.5,8.75,5.625,37.5,0,8,5.625,5.625,0,289,0.429999635,41,1,1,5.625
5304,5,24,67.5,0.625,5.625,2.5,26.25,0,3,5,11.875,0.625,140.2,6.073328178,24.8,5,2,8.4375
6101,6,20,73.75,1.25,5.625,2.5,14.375,0,7,1.875,2.5,4.375,52.125,10.65860206,22.75,8,4,2.1875
6105,6,12,79.375,0.625,5.625,2.5,2.5,0,5,1.25,3.125,4.375,51.875,8.358048461,33.5,8,2,2.1875
6210,6,18,79.375,2.5,5.625,5.625,8.75,0,5,2.5,8.125,0,101.25,5.887495003,25.25,4,3,5.3125
6305,6,22,85,1.875,2.5,2.5,2.5,0,2,2.5,3.75,0,126,2.162775942,23.5,4,3,3.125
8310,8,14,61.875,2.5,5.625,2.5,37.5,0,5,4.375,6.875,0,700,0,0,0,0,5.625
11412,11,21,56.25,2.5,2.5,11.875,2.5,0,3,10.625,21.875,0,700,0,0,0,0,16.25
11416,11,8,56.25,1.875,5.625,5.625,6.666666667,0,4,1.875,16.875,13.125,118,6.568605536,35.33333333,3,2,9.375
13209,13,25,37.5,2.5,8.75,2.5,11.25,1,2,15,10,0,700,0,0,0,0,12.5
3306,3,7,88.125,0,2.5,1.875,2.5,0,1,4.375,3.75,0,700,0,0,0,0,4.0625
6401,6,22,79.375,1.25,8.75,2.5,5.625,0,5,2.5,3.75,4.375,78.8,9.525825248,31.7,10,3,3.125
7109,7,14,79.375,1.25,5.625,2.5,2.5,0,2,1.25,13.125,3.75,130.3333333,3.145830663,27,6,2,7.1875
7116,7,9,85,2.5,5.625,5,2.5,0,2,1.25,6.25,5,100.2,3.905830018,30.8,5,2,3.75
12206,12,12,85.625,1.25,5.625,1.25,7.5,0,15,2.5,6.25,0,700,0,0,0,0,4.375
2304,2,16.08859949,61.875,0.625,5.625,0.625,1.875,0,4,4.375,0.625,32.5,13,25.1172009,25,13,1,2.5
3403,3,6,85,2.5,2.5,8.75,15,0,0,3.75,2.5,0,700,0,0,0,0,3.125
4105,4,18,50,3.125,5.625,17.5,2.5,0,0,1.875,2.5,3.75,35,0.273333101,12,1,1,2.1875
4207,4,16,38.125,1.875,2.5,11.875,23.125,0,0,8.75,6.25,0,700,0,0,0,0,7.5
4408,4,9,43.75,1.875,2.5,8.75,17.5,0,0,0.625,29.375,0,700,0,0,0,0,15
5107,5,17,61.25,1.875,8.75,2.5,2.5,0,4,1.875,23.125,0,78.33333333,3.525830341,20.66666667,6,2,12.5
6306,6,13,85,1.875,2.5,2.5,8.75,0,2,3.125,3.75,0,417,0.712499395,30,1,1,3.4375
6312,6,11,85,2.5,5.625,2.5,10.83333333,0,5,2.5,3.75,0.625,71,12.40610058,33,8,2,3.125
6316,6,23,67.5,1.875,8.75,2.5,5.625,0,5,1.875,2.5,7.5,36.1,12.10610084,27.5,10,4,2.1875
7206,7,5,85,1.25,5.625,1.875,10.83333333,0,2,3.125,10,0,134.75,5.386662094,27.25,4,2,6.5625
7211,7,27,73.75,1.25,5.625,2.5,5.625,0,4,3.125,10,0.625,94.66666667,4.431662905,22,3,2,6.5625
8110,8,15,56.25,2.5,5.625,15,37.5,0,4,1.25,12.5,0,700,0,0,0,0,6.875
11404,11,21,76.875,3.125,2.5,5.625,6.666666667,0,2,7.5,8.125,0,700,0,0,0,0,7.8125
12311,12,21,70.625,0,2.5,0,13.125,0,1,8.75,6.875,0,700,0,0,0,0,7.8125
15207,15,9,68.125,3.125,2.5,20.625,60,0,2,0.625,10,1.25,171,1.50194317,31,2,1,5.3125
16211,16,14,50,2.5,5.625,5.625,2.5,0,2,3.75,2.5,0.625,30.25,4.218329753,33.25,4,2,3.125
16306,16,16,68.125,2.5,2.5,15,15,0,2,3.75,5,10,118,1.875553964,41,2,1,4.375
17115,17,7,61.875,1.875,5.625,11.875,2.5,0,6,3.125,6.875,3.75,97,10.47499111,28.71428571,7,4,5
17205,17,14,61.875,2.5,5.625,5.625,10.83333333,0,3,5,4.375,0.625,143.6666667,1.771387385,20.66666667,3,3,4.6875
18203,18,7,94.375,0.625,2.5,1.875,15,1,0,0,5,9.375,340,7.262216058,73,1,1,2.5
18306,18,10,85,1.875,2.5,11.875,60,0,1,0.625,4.375,0,700,0,0,0,0,2.5
18314,18,10,85,3.125,2.5,15,60,0,0,1.875,3.125,0,700,0,0,0,0,2.5
20102,20,11,73.75,3.125,2.5,2.5,2.5,0,4,3.75,13.75,3.75,192.6666667,2.943330835,26.33333333,3,2,8.75
20204,20,7,79.375,0.625,5.625,0.625,4.375,0,3,4.375,18.125,8.125,63.5,2.273609181,25.5,4,2,11.25
20313,20,7,62.5,0.625,5.625,2.5,2.5,0,5,3.75,26.25,5,70.88888889,6.543883334,25,9,4,15
2106,2,16.08859949,73.75,1.875,2.5,5.625,8.75,0,1,1.25,2.5,10,25.36842105,16.3997083,33.42105263,19,1,1.875
3205,3,8,85,0,2.5,1.25,8.75,0,0,0.625,2.5,0,700,0,0,0,0,1.5625
5215,5,12,70.625,0.625,5.625,2.5,2.5,0,4,0.625,8.75,9.375,40.23076923,10.09499143,32.07692308,13,5,4.6875
5308,5,18,79.375,0.625,11.875,2.5,2.5,0,4,0.625,11.875,0.625,124,4.866940313,29.4,5,4,6.25
8212,8,9,61.875,2.5,8.75,23.125,60,0,3,0.625,6.25,0,700,0,0,0,0,3.4375
8405,8,31,85,3.125,2.5,15,60,0,1,4.375,1.875,0,700,0,0,0,0,3.125
11408,11,15,85,1.875,2.5,2.5,2.5,0,2,5,20.625,0,700,0,0,0,0,12.8125
12402,12,45,76.25,0.625,2.5,1.25,13.125,0,9,3.125,6.25,0,700,0,0,0,0,4.6875
13416,13,5,20.625,3.125,2.5,5.625,37.5,0,0,3.75,8.75,0,700,0,0,0,0,6.25
14116,14,3,62.5,1.25,2.5,2.5,11.875,0,0,1.25,11.875,0,700,0,0,0,0,6.5625
16114,16,17,50,2.5,2.5,11.875,15,0,5,2.5,2.5,4.375,700,0,0,0,0,2.5
17405,17,10,88.125,2.5,2.5,2.5,2.5,0,5,3.125,4.375,0,125,4.934718033,47.5,2,2,3.75
19111,19,16,79.375,1.25,2.5,1.875,2.5,1,3,4.375,10,5,73.5,9.332214301,36,2,1,7.1875
19311,19,15,62.5,1.25,2.5,2.5,2.5,2,1,3.75,20,25.625,700,0,0,0,0,11.875
19413,19,5,85,2.5,2.5,2.5,60,0,1,2.5,11.25,8.125,72.4,11.9333232,43.2,5,1,6.875
6116,6,20,68.125,2.5,2.5,5.625,8.75,0,4,5,1.875,5,42.69230769,5.580550819,27.84615385,13,3,3.4375
8102,8,63,61.875,0.625,2.5,17.5,60,0,10,11.875,1.875,0,700,0,0,0,0,6.875
17207,17,8,73.75,2.5,2.5,5.625,2.5,0,5,3.75,5,1.875,65.2,5.591384143,30,5,2,4.375
20413,20,8,73.125,1.25,5.625,1.875,2.5,0,7,3.75,15,11.25,102.1111111,5.953050502,26.33333333,9,4,9.375
3201,3,3,85,0,2.5,0.625,60,0,0,0,2.5,0,700,0,0,0,0,1.25
6110,6,23,68.125,1.875,5.625,2.5,2.5,0,5,5.625,5.625,11.875,42.15384615,11.54221242,21.23076923,13,3,5.625
7403,7,27,85,2.5,2.5,8.75,60,0,1,2.5,3.75,0,700,0,0,0,0,3.125
6212,6,23,85,1.875,8.75,2.5,10.83333333,0,4,1.875,3.125,0.625,121.2,3.684996872,21.8,5,2,2.5
11211,11,9,68.125,2.5,2.5,5.625,2.5,0,1,3.75,20.625,0,700,0,0,0,0,12.1875
17112,17,6,62.5,1.875,2.5,5.625,2.5,0,8,3.75,14.375,3.75,45.08333333,10.26499129,19.83333333,12,3,9.0625
6405,6,31,79.375,1.25,8.75,2.5,5.625,0,6,3.125,6.25,5,137.25,1.668609695,12.25,4,2,4.6875
18411,18,9,85,2.5,2.5,11.875,60,0,0,0.625,3.125,0,700,0,0,0,0,1.875
6103,6,22,79.375,1.875,2.5,2.5,17.5,0,5,2.5,3.125,1.25,65.5,4.779718165,25.66666667,6,3,2.8125
7204,7,33,85,1.25,2.5,8.75,60,0,2,5.625,3.125,0,700,0,0,0,0,4.375
12309,12,13,85,1.875,2.5,8.75,0,0,2,0.625,8.125,0,700,0,0,0,0,4.375
13313,13,5,15,2.5,1.875,8.75,37.5,1,1,0,9.375,0,700,0,0,0,0,4.6875
13404,13,10,20.625,2.5,2.5,5.625,26.25,1,0,3.75,12.5,0,700,0,0,0,0,8.125
15304,15,23,85,3.125,2.5,11.875,2.5,0,1,1.875,2.5,0.625,208.6666667,4.713884888,33.33333333,3,2,2.1875
15403,15,21,85,1.875,2.5,8.75,2.5,0,1,2.5,2.5,0,209,1.904998383,16,2,2,2.5
15406,15,32,79.375,2.5,2.5,8.75,2.5,0,3,5,5.625,0.625,66.2,3.499719252,29.2,5,2,5.3125
15416,15,11,79.375,2.5,2.5,2.5,8.75,0,4,1.875,6.25,4.375,33.75,5.354439899,27.5,8,4,4.0625
18113,18,5,85,2.5,2.5,15,60,0,1,0.625,5,0,700,0,0,0,0,2.8125
20101,20,9,68.125,2.5,5.625,2.5,6.666666667,0,1,3.125,13.75,1.25,70.75,0.799999321,25,4,3,8.4375
20210,20,3,68.125,0.625,5.625,1.25,1.875,0,7,3.125,21.25,1.25,100.8333333,3.569719192,25,6,3,12.1875
20216,20,8,62.5,1.25,8.75,2.5,2.5,0,1,5,21.875,0,247,0.159999864,20,1,1,13.4375
2406,2,16.08859949,61.875,10.625,11.875,5.625,2.5,0,1,0.625,2.5,0,145,0.217777593,17,1,1,1.5625
2408,2,16.08859949,73.75,1.875,2.5,1.875,5,0,1,0.625,4.375,16.875,27.16666667,26.11747783,33.83333333,12,1,2.5
2414,2,10,61.875,11.875,2.5,2.5,2.5,0,0,1.25,2.5,13.125,62,4.593884989,60,3,1,1.875
3313,3,12,61.875,3.125,8.75,8.75,22.5,0,1,1.25,1.875,15,9.153846154,18.79998404,35.92307692,13,1,1.5625
5214,5,8,76.875,1.25,5.625,2.5,60,0,1,1.25,8.75,5,36.76923077,18.69748413,31.23076923,13,4,5
5313,5,11,91.25,0,2.5,2.5,2.5,0,2,2.5,1.875,7.5,50,13.64387731,47.42857143,7,2,2.1875
6102,6,26,68.125,0.625,8.75,5.625,6.666666667,0,3,5,2.5,13.75,53.42857143,12.24276739,30.42857143,7,3,3.75
6208,6,18,73.75,1.25,5.625,2.5,2.5,0,3,5.625,14.375,0,159.5,3.286108322,21.5,4,2,10
7208,7,23,85,2.5,2.5,5.625,2.5,0,4,6.25,3.125,0.625,178,1.234721174,20.33333333,3,2,4.6875
7316,7,9,79.375,1.25,8.75,5.625,5.625,0,3,2.5,5.625,1.25,95.5,8.808048079,40.5,4,3,4.0625
13303,13,24,26.25,2.5,2.5,2.5,26.25,0,0,8.125,7.5,0,700,0,0,0,0,7.8125
14402,14,7,20.625,3.125,1.875,8.75,37.5,0,0,3.75,8.75,0,700,0,0,0,0,6.25
14414,14,24,26.25,3.125,2.5,2.5,26.25,0,0,1.875,15,0,700,0,0,0,0,8.4375
15411,15,14,79.375,1.875,2.5,2.5,6.666666667,0,5,1.25,11.875,3.75,71.8,6.342494616,28.4,5,4,6.5625
17209,17,14,73.75,1.25,5.625,5.625,1.666666667,0,3,2.5,7.5,1.25,125,0.997499153,8.6,5,1,5
19411,19,17,76.25,0.625,2.5,1.875,2.5,0,1,3.125,6.875,13.125,14.125,30.44552971,24.625,8,1,5
19414,19,32.5,79.375,0.625,2.5,0.625,1.25,0,0.25,3.75,6.875,16.875,40.33333333,5.813050621,32,3,2,5.3125
20104,20,7,62.5,2.5,2.5,2.5,10.83333333,0,1,2.5,13.75,0,126,0.435555186,6,4,1,8.125
3204,3,7,85,0,5.625,0.625,5.625,0,1,0,2.5,0,700,0,0,0,0,1.25
5216,5,22,70.625,2.5,8.75,2.5,2.5,0,3,8.75,5.625,9.375,33.33333333,12.77887804,31.16666667,12,4,7.1875
7101,7,19,79.375,1.875,2.5,5.625,2.5,1,4,1.875,0,7.5,68.66666667,11.90832323,35.66666667,6,2,0.9375
11101,11,38,85,3.125,2.5,5.625,8.75,0,2,10.625,3.75,0,700,0,0,0,0,7.1875
11106,11,49,79.375,2.5,8.125,2.5,6.666666667,0,1,8.125,3.75,0,700,0,0,0,0,5.9375
15301,15,15,73.75,2.5,5.625,20.625,60,0,1,5,4.375,0,283,1.399165479,24,1,1,4.6875
16216,16,13,68.125,2.5,2.5,5.625,60,0,2,4.375,2.5,7.5,231,0.766666016,30,1,1,3.4375
18409,18,19,79.375,2.5,2.5,8.75,60,0,0,5,1.25,0,700,0,0,0,0,3.125
19408,19,15,79.375,1.25,2.5,2.5,2.5,0,2,4.375,8.75,23.125,47.33333333,10.51137997,44.66666667,3,1,6.5625
20415,20,4,85,0,2.5,1.875,2.5,0,5,3.125,15,0,177,1.78444293,24,2,2,9.0625
5105,5,14,79.375,0.625,5.625,2.5,2.5,0,4,1.875,8.75,0,161.6,1.727220756,28.2,5,2,5.3125
5110,5,4,61.25,1.25,2.5,1.875,2.5,0,3,1.25,17.5,13.125,20.4,15.57359789,32.8,10,3,9.375
2311,2,7,73.75,0,5.625,1.25,2.5,0,1,3.75,2.5,18.75,50.57142857,18.46498433,39.28571429,7,2,3.125
3411,3,12,68.125,2.5,5.625,11.875,15,0,1,1.25,0.625,11.25,30.0625,40.45496566,37.4375,16,1,0.9375
4311,4,20,62.5,2.5,2.5,11.875,23.125,0,0,4.375,9.375,0,700,0,0,0,0,6.875
6203,6,31,79.375,1.25,5.625,2.5,2.5,0,5,1.875,2.5,11.25,40.33333333,14.20498794,34.08333333,12,3,2.1875
7309,7,13,85,0,2.5,5.625,6.666666667,0,3,1.875,5.625,3.75,65.33333333,4.556107244,38.33333333,3,3,3.75
8111,8,31,56.25,2.5,2.5,43.75,60,0,2,4.375,3.75,0,700,0,0,0,0,4.0625
8209,8,29,68.125,1.875,2.5,15,60,0,1,3.75,5.625,0,700,0,0,0,0,4.6875
11301,11,35,79.375,1.875,2.5,8.75,15,0,0,5,8.75,0,700,0,0,0,0,6.875
11309,11,11,79.375,2.5,2.5,2.5,2.5,0,2,3.75,22.5,0,104,1.235276729,20.5,2,1,13.125
11311,11,20,73.75,3.125,2.5,11.875,2.5,0,2,3.75,17.5,0,470,0.495832912,29,1,1,10.625
12208,12,28,73.75,5.625,2.5,11.875,60,0,2,3.125,1.875,0,700,0,0,0,0,2.5
12209,12,7,73.75,0.625,2.5,4.375,26.25,1,2,2.5,6.25,0,184.3333333,2.191942584,46.66666667,4,2,4.375
13305,13,9,20.625,2.5,1.875,2.5,31.875,0,0,1.25,15.625,0,700,0,0,0,0,8.4375
13409,13,14,15,2.5,2.5,5.625,37.5,0,0,5,5.625,0,700,0,0,0,0,5.3125
14114,14,9,50,0.625,15,1.875,1.875,3,0,5,11.875,7.5,700,0,0,0,0,8.4375
14207,14,7,15,2.5,2.5,11.875,37.5,0.116357504,2.341582064,0.625,8.75,0,700,0,0,0,0,4.6875
14312,14,17,62.5,0.625,8.75,1.875,2.5,0,0,8.75,15.625,0,700,0,0,0,0,12.1875
14401,14,7,15,1.875,5.625,2.5,31.875,0,0,0.625,8.75,0,700,0,0,0,0,4.6875
14408,14,17,20.625,3.125,8.75,5.625,26.25,0,1,5.625,5.625,0,700,0,0,0,0,5.625
15413,15,13,85,2.5,2.5,2.5,2.5,0,4,0.625,5.625,0.625,63.25,15.39526471,23.5,8,4,3.125
18304,18,15,94.375,3.75,2.5,2.5,15,0,1,0.625,4.375,0.625,700,0.879999253,26,1,1,2.5
19115,19,2,61.875,2.5,2.5,2.5,2.5,0,3,3.125,3.75,5.625,8.25,35.3808033,31.33333333,12,1,3.4375
20308,20,10,68.125,2.5,5.625,2.5,2.5,0,5,8.125,13.125,4.375,73.8,6.984994071,34.8,5,4,10.625
1209,1,26,67.5,0.625,2.5,1.25,15,1,4,1.875,0.625,7.5,24.90909091,24.92942328,26.63636364,11,1,1.25
4106,4,18,32.5,5.625,2.5,26.25,2.5,0,0,10,3.125,0,700,0,0,0,0,6.5625
4108,4,21,73.75,1.25,1.875,5.625,2.5,0,1,8.125,1.875,9.375,112.5,8.119437552,29,2,1,5
8114,8,8,73.75,2.5,2.5,26.25,60,0,0,0.625,15,0,700,0,0,0,0,7.8125
8312,8,7,85,0,5.625,1.875,60,0,1,1.25,11.25,0,700,0,0,0,0,6.25
8403,8,39,85,2.5,2.5,8.75,37.5,0,5,11.875,1.25,0,700,0,0,0,0,6.5625
11316,11,8,61.875,1.875,2.5,5.625,8.75,0,3,3.75,13.125,10,48.9,12.79387803,33.9,10,3,8.4375
17306,17,13,79.375,0,2.5,5.625,2.5,0,2,3.75,8.125,0,83.5,0.743332702,14,4,1,5.9375
19310,19,26,76.875,0.625,2.5,1.875,2.5,0,3,3.75,23.75,9.375,46,16.04165305,39.33333333,3,1,13.75
20215,20,13,73.75,1.875,2.5,2.5,2.5,0,3,3.125,13.125,0.625,94.66666667,4.954440239,21.5,6,3,8.125
20416,20,6,79.375,0.625,2.5,1.875,1.875,0,5,3.125,21.25,0,160,1.857776201,11,1,1,12.1875
1105,1,20,65,1.25,5.625,2.5,30.83333333,1,1,1.875,2.5,7.5,1.857142857,16.52109709,45.71428571,14,1,2.1875
2413,2,7,50.625,0,5.625,1.875,2.5,0,2,0.625,2.5,43.75,28.25,31.83830631,40.125,16,1,1.5625
7112,7,32,79.375,1.875,8.75,2.5,2.5,0,2,1.875,8.75,4.375,88.33333333,3.664163556,17.33333333,3,1,5.3125
8203,8,57,68.125,1.25,2.5,14.375,20,0,9,12.5,1.25,3.75,700,4.198051992,66,1,1,6.875
12303,12,34,91.25,1.25,2.5,1.875,60,0,1,4.375,3.125,0,700,0,0,0,0,3.75
15311,15,7,73.75,1.875,8.75,5.625,2.5,0,3,1.875,9.375,3.75,75.5,9.618880724,24.75,4,1,5.625
16416,16,16,62.5,2.5,2.5,8.75,10.83333333,0,2,5,4.375,5,133,1.776665159,80,2,2,4.6875
2411,2,16.08859949,73.75,1.875,2.5,5.625,11.875,0,0,0,16.25,0,700,0,0,0,0,8.125
7106,7,24,73.75,1.25,5.625,2.5,2.5,0,3,5.625,5,3.75,84,3.230552813,36.25,4,3,5.3125
1104,1,13,70.625,0.625,2.5,2.5,60,0,2,1.25,3.75,15.625,80.75,25.77747812,49.75,4,1,2.5
2412,2,0,79.375,0,5.625,2.5,8.75,0,1,4.375,9.375,3.75,109,16.89581899,63,2,1,6.875
7103,7,23,85,2.5,2.5,2.5,60,0,3,5,3.75,0,700,0,0,0,0,4.375
7411,7,16,79.375,0.625,8.75,2.5,5.625,0,6,3.125,12.5,3.75,104,1.983609427,25.75,4,2,7.8125
2415,2,16.08859949,65,10.625,2.5,1.875,2.5,0,0,0.625,2.5,18.75,26,23.74831318,47.44444444,9,1,1.5625
4307,4,20,47.5,1.875,2.5,8.75,28.75,0,0,3.75,8.125,24.375,254,5.270828859,45,1,1,5.9375
1106,1,17,56.25,1.875,2.5,11.875,15,0,5,1.875,5,13.125,23.30769231,23.80442424,41.69230769,13,1,3.4375
3312,3,7,73.125,2.5,5.625,2.5,10.83333333,0,3,0.625,0.625,16.875,5.85,38.25580086,35.1,20,1,0.625
13314,13,17,26.25,3.125,2.5,2.5,31.875,0,0,1.25,11.875,0,700,0,0,0,0,6.5625
4109,4,22,50.625,2.5,2.5,17.5,8.75,0,2,5,11.875,0,700,0,0,0,0,8.4375
4406,4,24,79.375,2.5,5.625,8.75,17.5,0,0,7.5,8.75,0,700,0,0,0,0,8.125
8410,8,9,88.125,1.25,2.5,2.5,60,0,3,1.875,11.875,0,700,0,0,0,0,6.875
1108,1,36,79.375,1.875,2.5,2.5,2.5,0,2,3.75,0.625,13.125,40.375,15.60832008,31.5,8,1,2.1875
2104,2,16.08859949,68.125,1.875,1.875,11.875,8.75,0,5,8.125,6.875,10,47,16.67915251,39.44444444,9,1,7.5
2204,2,16.08859949,55.625,2.5,11.25,20,5.625,1,0,3.75,2.5,29.375,14.7,17.35054083,42.6,10,1,3.125
2216,2,6,70.625,0.625,2.5,1.25,2.5,0,2,0.625,1.875,0,3,18.09776242,56,8,1,1.25
4205,4,30,20.625,0,2.5,8.75,56.25,0,0,1.875,8.75,0,700,0,0,0,0,5.3125
4306,4,22,56.25,2.5,2.5,17.5,29.375,0,0,7.5,6.25,0,700,0,0,0,0,6.875
6214,6,19,85,3.125,5.625,5.625,6.666666667,0,5,2.5,3.125,5,40.22222222,10.09054699,24.22222222,9,3,2.8125
8303,8,49,73.75,0.625,2.5,8.75,37.5,0,3,8.75,0,0,121,5.210273355,35.5,3,2,4.375
11111,11,22,61.875,1.875,5.625,2.5,5.625,0,1,3.125,13.125,13.75,75.66666667,6.740827612,36.66666667,3,3,8.125
13102,13,20,32.5,2.5,5.625,5.625,31.875,0,0,8.125,6.25,0,700,0,0,0,0,7.1875
13211,13,9,26.25,3.75,2.5,8.75,31.875,0,0,7.5,6.25,0,700,0,0,0,0,6.875
14104,14,3,15,2.5,2.5,15,37.5,0,0,0.625,12.5,0,700,0,0,0,0,6.5625
15116,15,12,68.125,1.25,5.625,2.5,2.5,0,3,0.625,11.875,0,50.69230769,14.37193225,39.61538462,13,5,6.25
15312,15,20,79.375,1.875,5.625,1.875,2.5,0,5,1.875,11.875,0.625,98,3.723052395,23.25,4,1,6.875
16301,16,9,50,2.5,2.5,15,60,0,0,3.75,5,13.75,92.5,2.44999792,35.25,4,2,4.375
16302,16,13,50,1.25,8.75,8.125,1.666666667,0,5,1.875,13.75,3.75,73.83333333,10.206658,33,6,2,7.8125
16402,16,10,68.125,1.875,2.5,2.5,2.5,0,5,4.375,5,0.625,91.6,9.809436118,38,5,2,4.6875
16407,16,15,73.75,1.875,2.5,2.5,8.75,0,3,3.75,4.375,0.625,74.25,5.780828426,33.75,4,2,4.0625
18313,18,3,85,2.5,2.5,15,60,0,0,0.625,3.75,0,700,0,0,0,0,2.1875
20202,20,7,79.375,2.5,5.625,2.5,2.5,0,2,6.875,15.625,0,202,1.294998901,22,1,1,11.25
20208,20,11,73.125,1.875,5.625,2.5,2.5,0,4,3.75,15,10,172,1.954165008,21.5,2,2,9.375
20309,20,3,85,2.5,2.5,2.5,2.5,0,3,3.75,13.125,1.25,126,0.539166209,13.5,2,2,8.4375
4112,4,11,31.875,5.625,2.5,37.5,5.625,0,0,4.375,11.875,0,700,0,0,0,0,8.125
4115,4,5,79.375,1.25,2.5,5.625,2.5,1,0,0,10.625,0,57.66666667,9.816658334,30.66666667,3,2,5.3125
4301,4,2,62.5,0,2.5,2.5,0.625,0,0,0.625,39.375,0,700,0,0,0,0,20
5213,5,16,79.375,2.5,2.5,5.625,2.5,0.116357504,2.341582064,0.625,2.5,3.75,34.85714286,8.789714761,36.57142857,7,4,1.5625
6207,6,24,85,2.5,2.5,2.5,2.5,0,3,3.125,7.5,0,209,2.640553314,53,1,1,5.3125
6409,6,5,85,2.5,2.5,5.625,60,0,2,5.625,2.5,0,90,0.989443605,27,3,2,4.0625
7202,7,35,76.25,0,2.5,2.5,10.83333333,0,4,5,0,10,109.5,14.63554313,44.83333333,6,1,2.5
11306,11,44,79.375,2.5,2.5,11.875,15,0,1,11.25,11.875,0,700,0,0,0,0,11.5625
13304,13,30,38.125,1.25,5.625,2.5,11.25,1,0,8.125,10,0,700,0,0,0,0,9.0625
16310,16,11,67.5,2.5,5.625,2.5,2.5,0,2,4.375,5,3.75,90,1.365832174,46.5,2,1,4.6875
17111,17,11,62.5,2.5,5.625,8.75,6.666666667,0,6,3.125,5,5,37.5,6.641105474,20.4,10,3,4.0625
18204,18,9,73.125,0.625,2.5,2.5,15,0,3,2.5,4.375,0,257,2.363886882,35.5,2,2,3.4375
18215,18,10,79.375,2.5,2.5,20.625,60,0,0,1.25,1.875,0,700,0,0,0,0,1.5625
18316,18,11,85,2.5,2.5,15,60,0,0,0.625,1.25,0,700,0,0,0,0,0.9375
18412,18,8,85,2.5,2.5,8.75,60,0,1,1.25,6.875,0,700,0,0,0,0,4.0625
19107,19,8,79.375,0.625,2.5,1.25,1.25,0,2,2.5,20.625,0,700,0,0,0,0,11.5625
20312,20,13,73.75,2.5,2.5,2.5,5.625,0,1,4.375,11.875,3.75,52.875,4.039996571,21.875,8,4,8.125
20407,20,7,73.75,1.875,5.625,2.5,1.875,0,3,2.5,13.125,5,30.08333333,7.479160318,23.75,12,3,7.8125
5111,5,14,61.875,0.625,11.875,1.875,2.5,0.116357504,2.341582064,0.625,11.875,7.5,18.5,11.88693435,29.75,12,5,6.25
7107,7,7,68.125,1.25,8.75,2.5,2.5,0,2,3.75,15.625,0.625,119.5,2.96083082,25.5,2,1,9.6875
8115,8,4,85,0,2.5,8.75,60,0,2,1.25,8.75,0,700,0,0,0,0,5
8416,8,8,79.375,1.25,2.5,5.625,0,0,2,3.75,15,0,700,0,0,0,0,9.375
17107,17,9,56.25,1.875,5.625,8.125,0,0,2,3.125,6.875,3.75,125.5,3.744996821,29.5,4,3,5
17202,17,35,56.25,1.875,8.75,5,10.83333333,0,2,7.5,10,0.625,109,3.23999725,28,4,3,8.75
1306,1,23,68.125,1.25,2.5,2.5,2.5,0,3,5.625,0.625,11.25,19,29.11997528,48.76923077,13,1,3.125
2211,2,16.08859949,71.25,1.875,2.5,5.625,2.5,0,2,0.625,2.5,9.375,23.75,23.6255355,36.33333333,12,1,1.5625
3104,3,6,85,0,2.5,0,2.5,0,0,3.75,10,0,700,0,0,0,0,6.875
5101,5,21,61.875,0.625,2.5,1.25,2.5,2,1,2.5,20.625,3.75,49,0.392499667,28.5,2,2,11.5625
11107,11,45,68.125,3.125,2.5,5.625,8.75,0,2,7.5,14.375,0,700,0,0,0,0,10.9375
4103,4,33,68.125,1.25,8.75,5,1.875,1,0,11.875,2.5,13.125,88.66666667,7.423049255,32.33333333,3,1,7.1875
5116,5,12,61.875,1.875,5.625,2.5,60,0,2,2.5,2.5,19.375,30.90909091,10.73249089,32.54545455,11,5,2.5
5201,5,22,76.875,1.25,2.5,5.625,2.5,1,2,5,5.625,3.75,96,4.187496446,49.33333333,3,3,5.3125
5204,5,21,73.75,0.625,5.625,4.375,1.25,0,3,0.625,8.75,0.625,103,0.951665859,18,3,1,4.6875
5416,5,23,73.75,0.625,8.75,2.5,2.5,0,3,1.875,11.875,1.25,57.72727273,6.082494837,32,11,3,6.875
11304,11,37,85,2.5,2.5,11.875,15,0,0,3.75,8.75,0,700,0,0,0,0,6.25
14208,14,17,20.625,2.5,2.5,15,37.5,0.116357504,2.341582064,0.625,8.75,0,700,0,0,0,0,4.6875
17204,17,9,61.875,1.25,5.625,2.5,2.5,0,2,4.375,13.125,3.75,295,0.919721442,35,1,1,8.75
18106,18,4,85,3.125,2.5,15,60,0,1,0,5,0,700,0,0,0,0,2.5
19315,19,13,79.375,2.5,2.5,2.5,10.83333333,0,0,1.875,7.5,15.625,55.66666667,10.0508248,32.16666667,6,1,4.6875
3311,3,12,73.75,2.5,5.625,2.5,8.75,0,5,1.25,0,8.75,20.7,64.80327833,33.8,10,1,0.625
5412,5,14,79.375,0.625,8.75,2.5,2.5,0,4,2.5,5.625,3.75,28.33333333,13.2444332,29.66666667,9,4,4.0625
8314,8,19,41.25,1.875,5.625,11.25,50,0,10,6.25,4.375,0,700,0,0,0,0,5.3125
14101,14,3,20.625,2.5,2.5,11.875,37.5,0,0,0.625,15,0,700,0,0,0,0,7.8125
14411,14,11,15,2.5,2.5,8.75,31.875,0,0,1.875,11.875,0,700,0,0,0,0,6.875
15103,15,26,73.75,2.5,2.5,11.875,2.5,0,3,8.75,8.75,0.625,115,3.018886326,34.8,5,2,8.75
15201,15,27,68.125,2.5,1.875,23.125,60,0,2,8.75,1.875,0,108.6666667,3.180830633,28,3,2,5.3125
16309,16,5,71.25,1.875,2.5,5.625,1.666666667,0,3,3.125,3.125,3.75,161.3333333,4.384440723,27,3,2,3.125
16312,16,19,53.125,1.875,5.625,1.875,2.5,0,1,3.125,3.125,4.375,145.5,2.895830875,49.5,2,1,3.125
16411,16,7,85,2.5,5.625,5.625,6.666666667,0,4,3.125,5,3.75,96,5.47082869,37,6,2,4.0625
18211,18,8,68.125,21.25,2.5,20.625,60,0,0,1.25,3.125,0,700,0,0,0,0,2.1875
19213,19,13,68.125,1.875,2.5,2.5,2.5,0,5,1.875,13.75,13.125,25.33333333,20.63859359,33.44444444,9,1,7.8125
1313,1,23,79.375,2.5,2.5,2.5,60,1,3,5.625,0.625,4.375,31.21428571,14.87748737,27.42857143,14,1,3.125
2112,2,16.08859949,91.25,0.625,2.5,2.5,2.5,0,0,1.25,10,40.625,225,2.086664895,48,2,1,5.625
3112,3,14,85,1.875,2.5,2.5,15,0,3,2.5,0.625,5,17,44.08774035,41.25,12,1,1.5625
4416,4,7,50,0.625,5.625,1.875,2.5,0,0,0.625,6.25,22.5,4.4,20.70664909,78.4,5,2,3.4375
6106,6,13,85,1.25,5.625,2.5,2.5,0,5,1.25,6.25,1.25,143.3333333,2.744442115,27.33333333,3,2,3.75
16111,16,23,68.125,2.5,5.625,8.75,2.5,0,3,3.125,8.75,3.75,127.5,4.178329787,27,2,2,5.9375
16206,16,14,67.5,2.5,2.5,8.75,2.5,0,5,3.125,2.5,1.25,96.28571429,4.669440481,27.71428571,7,2,2.8125
2202,2,16.08859949,91.25,0,4.375,0,2.5,0,3,2.5,1.875,4.375,29.33333333,18.62803974,18.33333333,6,1,2.1875
5211,5,6,88.125,0,2.5,1.875,2.5,1,3,0.625,2.5,3.75,42.27272727,12.42387834,36.54545455,11,4,1.5625
15409,15,14,85,1.25,5.625,2.5,6.666666667,0,4,5,5,10,135.6666667,2.107775989,29.66666667,3,2,5
17113,17,11,68.125,1.25,1.875,2.5,5.625,0,5,4.375,8.125,5,50.33333333,8.79999253,29.08333333,12,3,6.25
18206,18,2,88.125,1.25,2.5,5.625,60,0,1,0.625,5,0,551,5.995550466,59,1,1,2.8125
1307,1,13,68.125,6.875,5.625,8.75,2.5,0,3,4.375,1.25,16.875,19.58333333,21.07970433,46.33333333,12,1,2.8125
3302,3,4,85,0,2.5,1.875,60,0,2,0.625,8.75,0,700,0,0,0,0,4.6875
12111,12,6,85,1.25,2.5,3.75,2.5,0,2,1.25,7.5,0,700,0,0,0,0,4.375
13402,13,16,15,2.5,2.5,2.5,37.5,0,0,0.625,15,0,700,0,0,0,0,7.8125
17408,17,6,85,1.25,2.5,2.5,2.5,0,2,3.75,16.25,0,135,1.192498988,15.5,2,1,10
20115,20,12,62.5,1.875,2.5,1.875,5.625,0,3,2.5,16.25,7.5,41,4.038885461,20.66666667,6,3,9.375
1405,1,22,70.625,1.875,8.75,2.5,2.5,0,5,3.75,0.625,13.75,30.57142857,63.8277236,47.14285714,7,1,2.1875
6304,6,16.08859949,79.375,0.625,5.625,1.875,2.5,0,3,2.5,6.25,0.625,90.66666667,3.484997042,27.5,6,4,4.375
7108,7,18,79.375,0.625,5.625,5.625,2.5,0,1,1.875,9.375,3.75,107.8,5.507495325,32,5,2,5.625
11208,11,14,68.125,2.5,2.5,11.875,2.5,0,3,5,11.875,0,700,0,0,0,0,8.4375
14115,14,2,15,1.25,2.5,8.75,15,0,0,0,8.75,0,700,0,0,0,0,4.375
15204,15,37,61.875,1.875,2.5,5.625,2.5,0,3,5,14.375,7.5,90.25,4.234163073,21.75,4,2,9.6875
17110,17,4,79.375,1.875,2.5,8.75,2.5,0,2,3.75,7.5,8.125,45,0.279999762,44,1,1,5.625
17116,17,12,68.125,2.5,5.625,5.625,6.666666667,0,7,3.125,5,4.375,32.55555556,10.34693566,28.44444444,9,4,4.0625
18208,18,0,94.375,1.25,2.5,5.625,60,0,0,0,3.75,0,700,0,0,0,0,1.875
20106,20,16,73.75,2.5,2.5,2.5,2.5,0,4,3.75,27.5,0,79,3.614719154,23.33333333,3,2,15.625
4216,4,11,50.625,1.875,2.5,8.75,15,0,0,1.25,16.875,0,700,0,0,0,0,9.0625
6404,6,28,85,2.5,2.5,5.625,11.875,0,2,8.125,3.125,0.625,0,0.716388281,39.5,2,1,5.625
1205,1,12,58.75,1.25,2.5,5.625,15,0,2,1.875,3.75,28.75,38.81818182,19.89831644,40.72727273,11,1,2.8125
2105,2,16.08859949,82.5,0,2.5,2.5,2.5,0,1,3.75,2.5,13.75,16.75,13.94665483,45.75,8,1,3.125
3210,3,15,61.875,0.625,8.75,0.625,2.5,2,0,1.25,1.875,28.75,21.66666667,51.12190105,42,3,1,1.5625
3214,3,8,50,1.25,8.75,2.5,17.5,0,2,0.625,1.875,23.125,17.7,36.51413567,40.3,10,1,1.25
4110,4,16,73.75,1.25,2.5,2.5,8.75,0,1,4.375,10,1.25,50,8.536937198,47.66666667,3,1,7.1875
5316,5,14,94.375,1.25,2.5,2.5,60,0,4,0.625,2.5,3.75,14.5625,16.44165271,37.75,16,5,1.5625
6112,6,18,61.875,1.875,8.75,8.75,8.75,0,6,0.625,3.125,11.25,26.4,13.64554397,32.4,10,4,1.875
7405,7,15,79.375,0.625,5.625,5.625,15,0,1,7.5,5.625,0,414,2.078331569,54,1,1,6.5625
8302,8,30,23.75,8.75,2.5,67.5,62.5,0,6,10.625,0,0,700,0,0,0,0,5.3125
8308,8,22,38.125,5.625,2.5,32.5,62.5,0,4,5,4.375,0,700,0,0,0,0,4.6875
8313,8,16,62.5,2.5,2.5,26.25,60,0,3,4.375,13.75,0,700,0,0,0,0,9.0625
11112,11,18,56.25,1.875,5.625,2.5,11.875,0,3,3.75,14.375,0.625,110.6666667,9.656936247,36.33333333,3,2,9.0625
11113,11,16,61.875,2.5,2.5,2.5,11.875,0.116357504,2.341582064,3.125,20,3.75,90,20.29859388,50.25,4,1,11.5625
11312,11,18,62.5,1.875,2.5,8.75,2.5,0,1,1.875,15,3.75,212,4.23110752,35,1,1,8.4375
12214,12,1,70.625,1.25,2.5,5.625,62.5,0,9,1.875,3.125,0,700,0,0,0,0,2.5
13213,13,14,26.25,3.125,2.5,8.75,37.5,0,0,4.375,11.875,0,700,0,0,0,0,8.125
14113,14,2,31.875,1.25,2.5,8.75,15,1,0,0,8.75,3.75,700,0,0,0,0,4.375
14406,14,15,15,2.5,2.5,11.875,37.5,0,0,1.25,8.75,0,700,0,0,0,0,5
15315,15,3,67.5,1.875,5.625,5.625,2.5,0,4,1.25,5.625,3.75,103.2,6.585272188,46.6,5,2,3.4375
15316,15,6,85,1.25,2.5,5.625,2.5,0,4,0.625,3.125,0.625,32.25,13.94221039,35.25,12,3,1.875
16311,16,15,73.125,1.875,5.625,2.5,2.5,0,4,5,2.5,9.375,131.25,6.020550445,41.5,4,2,3.75
17104,17,11,56.25,1.875,8.75,8.75,1.25,0,2,3.75,3.75,1.25,48.66666667,3.543330326,31.66666667,3,3,3.75
18103,18,8,85,1.875,2.5,2.5,60,0,1,0,5,9.375,700,0,0,0,0,2.5
18312,18,12,85,2.5,2.5,15,60,0,0,1.875,3.125,0,700,0,0,0,0,2.5
18315,18,10,85,2.5,2.5,15,60,0,1,5,3.125,0,700,0,0,0,0,4.0625
19415,19,13,79.375,2.5,2.5,2.5,2.5,0,2,1.875,3.125,7.5,16.76923077,27.46747668,30.53846154,13,1,2.5
20209,20,7,79.375,1.25,5.625,1.25,1.25,0,6,2.5,15,3.75,64.875,2.789164299,19.25,8,3,8.75
1204,1,20,70.625,0.625,2.5,2.5,15,0,1,1.25,1.25,13.125,19.85714286,19.61665002,46,7,1,1.25
1304,1,7,51.875,3.125,5,2.5,1.666666667,0,1,0.625,5.625,0,101,1.242498945,42,1,1,3.125
2207,2,9,80,1.25,1.875,2.5,8.75,0,2,1.25,3.125,13.75,32.42857143,13.99943256,41.57142857,7,1,2.1875
2308,2,7,73.75,0,2.5,1.875,5.625,0,1,4.375,2.5,23.125,17.38461538,23.62997994,36.23076923,13,1,3.4375
3105,3,9,85,0,2.5,0.625,5.625,0,0,2.5,2.5,0,700,0,0,0,0,2.5
3113,3,8,61.875,2.5,5.625,8.75,15,0,2,3.75,1.25,13.75,26,27.78108753,43.25,8,1,2.5
3416,3,10,61.875,2.5,5.625,5.625,2.5,0,3,1.875,0,20.625,5.111111111,38.62663388,39.55555556,18,1,0.9375
4201,4,4,85,0.625,2.5,1.875,11.25,0,0,0.625,16.875,0,700,0,0,0,0,8.75
4303,4,40,79.375,2.5,2.5,5.625,5.625,0,0,11.875,1.875,0,533,1.088887965,45,1,1,6.875
4315,4,12,79.375,2.5,2.5,5.625,8.75,0,0,5,5.625,0,149,3.478885936,61,1,1,5.3125
4405,4,15,26.25,2.5,2.5,23.125,15,0,0,4.375,10,0,700,0,0,0,0,7.1875
5302,5,26,49.375,0.625,2.5,2.5,30,0,5,11.875,8.75,3.75,58.33333333,1.870831745,20,3,2,10.3125
5414,5,17,73.75,0,2.5,2.5,60,0,3,2.5,5.625,13.125,32.66666667,19.92276087,26.66666667,9,3,4.0625
7306,7,10,85,0.625,8.75,2.5,2.5,0,3,1.875,3.75,1.25,96,0.813332643,21.33333333,3,1,2.8125
8211,8,27,85,3.125,2.5,5.625,60,0,3,4.375,6.25,0,700,0,0,0,0,5.3125
13111,13,1,26.25,6.875,1.875,11.875,37.5,0,0,0.625,15,0,700,0,0,0,0,7.8125
13205,13,20,43.75,1.875,2.5,5.625,2.5,0,4,4.375,6.875,0,700,0,0,0,0,5.625
13206,13,16,43.75,0,8.75,1.25,2.5,0,3,5.625,15,0,700,0,0,0,0,10.3125
14112,14,3,20.625,2.5,2.5,15,26.25,0,0,0,11.875,13.125,700,0,0,0,0,5.9375
14413,14,19,26.25,3.125,5.625,2.5,31.875,0,0,0,20.625,0,700,0,0,0,0,10.3125
14415,14,13,50,1.875,1.875,1.875,5,1,2,5,5.625,0,700,0,0,0,0,5.3125
17109,17,10,79.375,1.875,5.625,5,1.25,0,3,3.75,7.5,0.625,86.75,7.388604839,28.5,4,3,5.625
17414,17,7,79.375,2.5,2.5,8.75,2.5,0,1,3.75,8.125,7.5,111.5,14.28332121,24.5,2,2,5.9375
18307,18,9,85,1.875,2.5,2.5,60,0,0,0.625,5,0,700,0,0,0,0,2.8125
18311,18,5,85,2.5,2.5,15,60,0,0,0.625,6.25,0,700,0,0,0,0,3.4375
19309,19,18,68.125,3.125,2.5,2.5,2.5,0,0,4.375,20,0,700,0,0,0,0,12.1875
19313,19,21,62.5,1.875,2.5,2.5,5.625,0,0,1.875,26.25,13.125,59,2.408331289,38,1,1,14.0625
1315,1,16,88.125,1.25,2.5,1.875,2.5,1,1,5,1.25,3.75,30.6,17.31831863,37.4,5,1,3.125
2110,2,16.08859949,85.625,0.625,2.5,1.875,2.5,0,1,1.25,3.75,20,23.07142857,24.11553509,41.92857143,14,1,2.5
2403,2,20,76.875,0,2.5,0,1.875,0,2,3.75,7.5,9.375,29.75,6.449994525,25,8,1,5.625
6111,6,32,79.375,2.5,1.875,5.625,10.83333333,0,4,2.5,3.125,9.375,37,11.42026808,28.45454545,11,3,2.8125
6303,6,36,79.375,0,2.5,2.5,2.5,0,5,5.625,2.5,4.375,59.875,10.078047,31.5,8,3,4.0625
7312,7,12,85,1.875,2.5,2.5,15,0,4,0.625,3.75,0,165.5,2.31333137,40.5,2,1,2.1875
15115,15,7,73.75,1.875,5.625,5.625,2.5,0,3,1.875,5.625,11.25,20.17647059,23.42470234,42.76470588,17,4,3.75
15308,15,12,85,2.5,5.625,8.75,2.5,0,3,1.25,8.125,3.75,189.3333333,3.817218982,24.66666667,3,2,4.6875
20116,20,13,73.75,3.125,5.625,5.625,5.625,0,4,2.5,14.375,3.75,38.75,1.931942805,29.25,4,1,8.4375
20410,20,6,79.375,0.625,2.5,0.625,2.5,0,5,2.5,21.875,3.75,84.25,1.576387551,20.5,4,2,12.1875
1401,1,29,91.25,2.5,2.5,2.5,2.5,0,3,2.5,3.125,3.75,32.6,14.43526552,45,5,1,2.8125
2115,2,16.08859949,67.5,0.625,2.5,2.5,1.875,0,1,0.625,3.125,25,7.409090909,37.16246846,36.72727273,22,1,1.875
3216,3,6,44.375,0.625,11.875,1.875,5.625,0,2,1.25,0,35,20.33333333,34.70469276,37.83333333,6,1,0.625
3301,3,4,85,1.875,2.5,2.5,60,0,0,0,2.5,0,700,0,0,0,0,1.25
8404,8,42,73.75,2.5,2.5,8.75,26.25,0,6,8.75,0,0,700,0,0,0,0,4.375
8409,8,15,85,2.5,2.5,11.875,60,0,1,1.875,3.75,0,700,0,0,0,0,2.8125
3410,3,9,68.125,1.25,5.625,2.5,2.5,1,3,1.875,1.25,11.875,21.54545455,38.80857817,38.27272727,11,1,1.5625
7314,7,23,73.75,2.5,8.75,8.75,2.5,0,4,2.5,3.75,0.625,169.6666667,7.023049594,11.33333333,3,1,3.125
8201,8,25,85,1.875,2.5,11.875,60,0,8,1.875,3.125,0,700,0,0,0,0,2.5
4415,4,10,62.5,1.875,2.5,5.625,8.75,0,0,0,19.375,0,700,0,0,0,0,9.6875
6213,6,30,79.375,2.5,5.625,2.5,15,0,2,5,3.75,0.625,124.6666667,3.586108067,16.33333333,3,2,4.375
12202,12,12,85,1.25,5.625,5,15,0,8,2.5,2.5,0,700,0,0,0,0,2.5
12210,12,13,85,1.875,2.5,2.5,60,0,5,3.75,5,0,18,1.063332431,44,2,2,4.375
17305,17,17,68.125,0,2.5,2.5,2.5,0,4,4.375,20,1.25,130,3.697219084,22.25,4,2,12.1875
20405,20,15,68.125,2.5,2.5,2.5,6.666666667,0,4,3.125,16.875,0.625,49.375,2.928608625,18.5,8,4,10
6209,6,25,85,2.5,5.625,2.5,10.83333333,0,1,2.5,4.375,0,700,0,0,0,0,3.4375
12215,12,0,94.375,1.25,5.625,0.625,60,0,3,0,2.5,0,700,0,0,0,0,1.25
20205,20,14,73.75,1.875,2.5,2.5,2.5,0,5,4.375,15,0.625,80,2.826942045,23,5,3,9.6875
1404,1,22,85.625,1.25,2.5,2.5,15,1,0,3.75,3.125,7.5,31,16.9674856,46.4,5,1,3.4375
7201,7,29,88.125,1.875,5.625,2.5,6.666666667,0,4,3.125,0,3.75,48.7,11.18776828,28,5,1,1.5625
18210,18,11,85,3.75,2.5,15,60,0,0,1.25,2.5,0,700,0,0,0,0,1.875
7113,7,22,85,1.25,2.5,2.5,10.83333333,0,3,4.375,3.75,0.625,114.75,7.07666066,33.25,4,2,4.0625
4213,4,8,56.25,2.5,2.5,11.875,19.375,0,0,0.625,24.375,0,700,0,0,0,0,12.5
4413,4,23,55.625,1.25,2.5,14.375,2.5,0,0,1.875,17.5,0,700,0,0,0,0,9.6875
5102,5,29,82.5,0.625,2.5,1.875,2.5,0,6,1.875,5.625,0,270,0.519444004,34,1,1,3.75
6302,6,27,85,1.875,5.625,2.5,11.875,0,4,1.875,3.125,4.375,88.6,11.86193438,41.4,5,1,2.5
6311,6,8,85,1.875,5.625,2.5,2.5,0,5,5,3.75,0.625,65.5,13.79887718,25.5,8,3,4.375
11411,11,9,73.75,3.75,5.625,2.5,2.5,0,2,3.75,16.25,3.75,107,5.704995157,30.5,2,1,10
12211,12,12,73.125,1.25,2.5,5,37.5,0,5,2.5,2.5,0,700,0,0,0,0,2.5
13114,13,9,20.625,2.5,2.5,2.5,31.875,0,0,0.625,8.75,0,700,0,0,0,0,4.6875
14307,14,9,15,2.5,2.5,11.875,37.5,0,0,5,2.5,0,700,0,0,0,0,3.75
15314,15,13,85,2.5,5.625,11.875,60,0,2,2.5,3.125,9.375,55.33333333,5.010551302,30.66666667,3,2,2.8125
15415,15,9,67.5,1.875,5.625,1.875,5.625,0,3,0.625,8.75,3.75,33.4,10.32499124,31.2,10,3,4.6875
16101,16,9,50.625,5,14.375,14.375,14.375,0,5,4.375,5.625,0,91.33333333,7.32416045,21.66666667,6,2,5
17409,17,3,79.375,3.125,2.5,2.5,5.625,0,6,2.5,16.875,0,114,1.269998922,7,2,1,9.6875
19214,19,7,79.375,2.5,2.5,2.5,5.625,1,1,1.875,6.875,11.25,9.636363636,32.14580605,36.81818182,11,1,4.375
1113,1,33,56.25,2.5,2.5,38.125,60,0,1,5,2.5,0.625,218,1.226665625,26.5,2,1,3.75
4113,4,7,62.5,2.5,2.5,8.75,2.5,0,0,4.375,24.375,0,700,0,0,0,0,14.375
7303,7,27,85,2.5,2.5,5.625,15,2,0,3.125,1.875,0,121.4,13.29359983,51.4,5,1,2.5
11105,11,42,79.375,2.5,2.5,5.625,6.666666667,0,2,5,10,0,700,0,0,0,0,7.5
11216,11,15,85,2.5,2.5,2.5,2.5,0,3,3.75,20.625,0,128,4.057496556,49.5,2,1,12.1875
11310,11,28,62.5,2.5,2.5,5.625,15,0,1,10.625,14.375,0,700,0,0,0,0,12.5
14407,14,9,20.625,2.5,2.5,8.75,31.875,0,0,3.75,11.875,0,700,0,0,0,0,7.8125
16314,16,18,43.75,2.5,5.625,11.875,2.5,0,1,3.75,3.125,0,360,0.486110698,33,1,1,3.4375
16315,16,8,37.5,2.5,2.5,15,60,0,1,5,2.5,3.75,700,0,0,0,0,3.75
17412,17,15,79.375,2.5,2.5,2.5,2.5,0,8,3.75,14.375,0.625,31.33333333,4.033885465,27.5,6,5,9.0625
18108,18,4,88.125,1.25,2.5,2.5,60,0,0,0,4.375,0.625,700,0,0,0,0,2.1875
18114,18,6,85,3.125,2.5,15,60,0,0,0.625,3.125,0,700,0,0,0,0,1.875
20214,20,8,62.5,1.875,2.5,2.5,2.5,0,5,3.125,32.5,0.625,126.3333333,3.076941833,28.66666667,3,2,17.8125
2108,2,16.08859949,76.875,1.875,2.5,8.75,2.5,0,1,0.625,2.5,7.5,15.22222222,15.01165392,47.66666667,9,1,1.5625
13214,13,20,43.75,2.5,2.5,2.5,8.75,1,0,5,9.375,0,700,0,0,0,0,7.1875
17102,17,19,62.5,2.5,2.5,2.5,2.5,0,3,5,5,3.75,198,1.408887693,7,2,2,5
17106,17,7,68.125,0.625,5.625,2.5,0.625,0,8,3.125,10,10,78.5,3.979441067,23.5,4,1,6.5625
2102,2,16.08859949,79.375,0,0,0,1.25,0,3,0.625,0,4.375,30.5,16.0633197,27,4,1,0.3125
3401,3,15,85,2.5,2.5,8.75,60,0,0,1.25,3.125,0,700,0,0,0,0,2.1875
16413,16,14,56.25,3.125,2.5,11.875,15,0,5,6.25,3.125,1.25,133,1.576387551,22,3,2,4.6875
2401,2,0,82.5,0,0,0,2.5,0,1,4.375,3.75,9.375,0,0.636666126,25.66666667,3,1,4.0625
1114,1,8,67.5,2.5,2.5,26.25,60,0,2,5.625,3.75,0.625,127,3.175830638,39,1,1,4.6875
2313,2,11,61.875,0.625,5.625,2.5,2.5,0,2,7.5,1.875,16.875,25.28571429,20.20137174,32.28571429,7,1,4.6875
4308,4,29,79.375,1.875,5.625,5.625,5.625,0,0,8.125,1.25,0,700,0,0,0,0,4.6875
4403,4,27,85,2.5,5.625,8.75,5.625,0,0,7.5,3.125,0,700,0,0,0,0,5.3125
4412,4,12,68.125,1.875,8.75,11.875,2.5,0,0,5,5.625,0,700,0,0,0,0,5.3125
5315,5,10,70.625,1.875,8.75,2.5,1.666666667,2,0,1.25,11.875,18.75,56.66666667,11.57526795,36.11111111,9,3,6.5625
6211,6,18,85,1.25,5.625,2.5,15,0,5,1.25,3.125,5,79.71428571,6.100550377,26.28571429,7,2,2.1875
6308,6,16,79.375,1.875,2.5,2.5,15,0,2,5.625,2.5,3.75,153.3333333,2.723886577,39.66666667,3,2,4.0625
7305,7,14,85,2.5,2.5,8.75,15,0,1,1.25,3.75,0,700,0,0,0,0,2.5
7313,7,27,79.375,0.625,5.625,1.875,5.625,0,4,1.875,6.25,3.75,89.66666667,7.872493318,21.66666667,6,2,4.0625
8107,8,18,61.875,2.5,2.5,38.125,60,0,3,5,2.5,0,700,0,0,0,0,3.75
8412,8,17,79.375,1.25,2.5,8.75,0,0,2,2.5,8.125,0,700,0,0,0,0,5.3125
12302,12,27,88.125,1.25,5.625,2.5,60,0,2,0.625,3.125,0,700,0,0,0,0,1.875
13113,13,19,26.25,2.5,2.5,8.75,37.5,0,0,4.375,9.375,0,700,0,0,0,0,6.875
13204,13,14,26.25,3.75,2.5,8.75,23.125,0,0,1.25,17.5,0,700,0,0,0,0,9.375
13403,13,15,20.625,2.5,2.5,2.5,37.5,0,0,0,11.875,0,700,0,0,0,0,5.9375
14203,14,8,15,2.5,2.5,15,37.5,0.116357504,2.341582064,1.25,8.75,0,700,0,0,0,0,5
14206,14,5,20.625,1.875,2.5,8.75,37.5,0.116357504,2.341582064,0.625,9.375,0,700,0,0,0,0,5
14405,14,4,15,1.875,2.5,5.625,31.875,0,0,0,11.875,0,700,0,0,0,0,5.9375
16112,16,14,61.875,1.875,2.5,5.625,2.5,0,4,1.875,2.5,3.75,177.3333333,2.440553484,24,3,2,2.1875
16208,16,20,56.25,2.5,2.5,8.75,2.5,0,3,3.75,5.625,0.625,79,9.769158374,27.66666667,6,2,4.6875
16210,16,16,62.5,2.5,2.5,2.5,2.5,0,8,5,2.5,1.25,188,3.010553,14.5,4,2,3.75
16408,16,15,68.125,2.5,2.5,11.875,8.75,0,3,3.75,4.375,10,106,2.576108924,25,2,1,4.0625
17407,17,3,68.125,1.875,5.625,2.5,2.5,0,2,3.125,30.625,0,213,1.003332482,28,2,2,16.875
18109,18,2,88.125,1.25,2.5,2.5,60,0,0,0,7.5,0,700,3.124997347,55,1,1,3.75
20315,20,2,68.125,0.625,2.5,2.5,2.5,0,5,4.375,21.25,7.5,79.5,1.749998515,16.5,4,2,12.8125
1112,1,11,79.375,1.875,2.5,20.625,60,0,1,5.625,3.125,0,116,0.676388315,17.66666667,3,1,4.375
1203,1,0,68.125,3.125,2.5,20.625,60,1,0,0,0.625,0,86.5,3.632496917,34,2,1,0.3125
1212,1,24,47.5,2.5,2.5,8.75,37.5,0,2,1.875,5,13.75,59.25,3.469997055,32.75,4,1,3.4375
1305,1,35,79.375,2.5,8.75,5,2.5,0,5,1.25,1.25,10.625,35.7,16.00498641,41.7,10,1,1.25
2314,2,7,68.125,1.25,8.75,2.5,2.5,0,0,4.375,5.625,10,46.85714286,15.56498679,31.42857143,7,1,5
3405,3,2,67.5,0,5.625,1.25,11.875,1,0,0.625,5,15.625,92,24.00331296,47.5,2,1,2.8125
4215,4,15,73.75,1.25,5.625,5.625,14.375,0,1,11.875,16.875,0,284,3.609719158,70,1,1,14.375
4313,4,10,50,2.5,5.625,8.75,32.5,0,0,3.75,16.875,0,700,0,0,0,0,10.3125
4316,4,4,56.25,0,11.875,1.875,2.5,0,0,4.375,28.75,0,700,0,0,0,0,16.5625
5209,5,2,79.375,0.625,5.625,1.25,2.5,0,1,0,5.625,0.625,125.6,1.612220854,23.2,5,3,2.8125
5301,5,34,62.5,0.625,5.625,5.625,37.5,0,3,2.5,7.5,0.625,167,3.826663418,35,2,2,5
7207,7,14,79.375,1.875,2.5,5.625,8.75,0,1,2.5,10.625,0,214,1.078887973,18,2,2,6.5625
8112,8,23,79.375,2.5,2.5,20.625,60,0,5,11.25,2.5,0,700,0,0,0,0,6.875
8206,8,42,68.125,2.5,2.5,31.875,60,0,6,4.375,3.125,0,700,0,0,0,0,3.75
8210,8,20,56.25,2.5,8.75,23.75,60,0,2,13.75,6.25,0,700,0,0,0,0,10
12405,12,33,61.25,0,2.5,2.5,50,0,7,5.625,5,0,700,0,0,0,0,5.3125
13207,13,25,37.5,1.875,2.5,1.875,8.75,3,0,11.875,13.125,0,700,0,0,0,0,12.5
13210,13,20,26.25,2.5,2.5,8.75,31.875,0,0,5,8.75,0,700,0,0,0,0,6.875
13307,13,12,26.25,1.25,8.75,5,14.375,0,1,11.875,13.125,0,700,0,0,0,0,12.5
15109,15,9,73.75,1.25,8.75,2.5,2.5,0,2,3.125,15.625,3.75,139.3333333,2.854997577,26.33333333,3,2,9.375
16109,16,14,79.375,1.875,5.625,2.5,2.5,0,4,4.375,8.75,0,106.5,1.729720754,29.75,4,1,6.5625
17103,17,19,62.5,1.25,2.5,5.625,2.5,0,3,3.75,6.875,13.125,87.66666667,0.463610718,16.33333333,3,2,5.3125
18405,18,6,85,1.875,2.5,2.5,60,0,1,1.875,5,0,700,0,0,0,0,3.4375
19307,19,37,88.125,0,5.625,0.625,1.25,0,2,5,11.875,0,118,5.349995459,45,1,1,8.4375
20110,20,10,73.75,1.25,2.5,2.5,2.5,0,4,4.375,20.625,3.75,87.6,6.974994079,23,5,3,12.5
20303,20,14,76.875,1.25,5.625,2.5,2.5,0,3,4.375,17.5,1.25,114,1.239165615,12,2,2,10.9375
1308,1,29,85.625,0,2.5,0.625,2.5,1,2,2.5,1.25,7.5,21.92307692,20.83109343,36.92307692,13,1,1.875
1408,1,22,70.625,0,5.625,2.5,26.25,1,0,5,1.875,13.75,9.727272727,26.74553285,40.63636364,11,1,3.4375
1411,1,24,79.375,0.625,2.5,7.5,2.5,0,3,2.5,0,4.375,35.63636364,27.64247654,38.09090909,11,1,1.25
1414,1,22,94.375,0.625,2.5,5.625,60,0,3,5.625,1.875,0.625,41.2,14.0805436,40.4,5,1,3.75
2215,2,16.08859949,76.25,1.25,2.5,2.5,2.5,0,3,1.875,2.5,28.75,24,17.1010966,32.3,10,1,2.1875
3110,3,26,85,1.875,2.5,2.5,2.5,0,1,1.875,1.25,11.25,20.66666667,18.72831744,29.44444444,9,1,1.5625
3215,3,9,73.125,1.875,5.625,2.5,11.875,0,2,1.875,1.25,14.375,8.548387097,35.70219192,29.65625,32,1,1.5625
3409,3,8,73.75,1.875,8.75,2.5,5.625,1,2,1.875,0.625,26.875,26.55555556,36.19274706,40.88888889,9,1,1.25
7114,7,22,82.5,1.25,2.5,1.875,2.5,0,5,1.875,3.75,3.75,164,6.2313836,32.75,4,2,2.8125
7311,7,25,85,0,2.5,2.5,5.625,0,5,1.875,9.375,0,154.6,1.789998481,14.4,5,1,5.625
11206,11,25,73.75,2.5,2.5,11.875,8.75,0,3,8.125,4.375,0,700,0,0,0,0,6.25
16204,16,14,79.375,1.875,2.5,8.75,5.625,0,7,4.375,2.5,3.75,81.4,4.851106993,22.8,5,2,3.4375
16212,16,21,73.75,2.5,5.625,5.625,15,0,9,8.125,3.75,0,158.8,2.304720266,19.4,5,2,5.9375
16410,16,22,56.25,3.125,5.625,5.625,2.5,0,3,3.125,5,0,167.6666667,5.622495227,45.66666667,3,1,4.0625
20406,20,8,56.25,1.25,11.875,2.5,2.5,0,3,3.75,21.25,4.375,157.3333333,3.066386286,21,3,2,12.5
2315,2,20,67.5,0.625,1.875,2.5,2.5,0,1,8.125,5.625,16.25,44.57142857,19.48553902,27.28571429,7,1,6.875
3108,3,25,82.5,0,2.5,1.25,1.875,0,2,5,0,7.5,12.16666667,22.6088697,30,6,1,2.5
17316,17,11,56.25,1.875,5.625,2.5,5.625,0,5,3.125,16.875,9.375,81.42857143,7.925548828,15.85714286,7,2,10
1201,1,16,61.875,0,2.5,1.875,26.25,1,1,5,1.875,7.5,26.44444444,15.93915314,28.55555556,9,1,3.4375
19416,19,6,79.375,2.5,2.5,2.5,2.5,0,2,2.5,3.75,3.75,38.44444444,25.6008116,35.11111111,9,1,3.125
3402,3,8,85,2.5,2.5,5.625,15,0,0,0.625,5.625,0,700,0,0,0,0,3.125
16105,16,13,61.875,2.5,2.5,23.75,2.5,0,5,6.875,2.5,5,130.5,7.938604373,26.16666667,6,2,4.6875
6309,6,14,85,0.625,2.5,2.5,8.75,1,1,3.125,4.375,0,149,8.228048571,43.5,4,2,3.75
19210,19,23,79.375,0,2.5,1.875,2.5,1,1,3.75,10.625,11.875,54.85714286,17.20748539,29.28571429,7,1,7.1875
7104,7,27,85,1.25,2.5,5.625,2.5,0,1,1.875,3.125,0,225,0.549443978,22,1,1,2.5
3209,3,4,61.25,0,5.625,1.25,5.625,2,0,0.625,2.5,26.25,16,64.88105604,45,2,1,1.5625
15110,15,11,73.75,1.875,8.75,2.5,2.5,0,5,1.875,11.875,19.375,77.66666667,6.851660851,23.33333333,6,1,6.875
5404,5,5,79.375,2.5,2.5,15,60,0,2,0.625,9.375,0,274,1.434998782,6,1,1,5
1116,1,3,56.25,6.25,2.5,31.875,60,0,0,0.625,3.125,0,187,0.869999262,32,1,1,1.875
5207,5,17,73.75,0,2.5,1.875,1.666666667,0,3,2.5,2.5,0.625,41.75,9.89165827,46.75,4,3,2.5
6314,6,26,67.5,1.875,5.625,5.625,6.666666667,0,3,2.5,2.5,13.75,55.25,11.9605454,33.625,8,2,2.5
11214,11,23,62.5,2.5,5,11.875,2.5,0,1,5.625,20.625,3.75,69,5.63693966,27,3,2,13.125
11415,11,29,68.125,2.5,2.5,8.75,15,0,2,3.75,15,0,700,0,0,0,0,9.375
13306,13,11,31.875,2.5,2.5,2.5,17.5,1,0,0.625,15,0,700,0,0,0,0,7.8125
14201,14,6,15,2.5,2.5,15,37.5,0.116357504,2.341582064,1.875,6.25,0,700,0,0,0,0,4.0625
14202,14,6,15,2.5,2.5,20.625,37.5,0.116357504,2.341582064,0.625,15,0,700,0,0,0,0,7.8125
14403,14,13,26.25,3.125,2.5,8.75,31.875,1,0,0.625,9.375,0,700,0,0,0,0,5
14412,14,9,20.625,3.75,2.5,5.625,31.875,0,0,1.875,15,0,700,0,0,0,0,8.4375
15209,15,15,62.5,2.5,5.625,14.375,8.75,0,2,0.625,10,3.75,74.2,6.329994627,27.8,5,4,5.3125
16209,16,24,56.25,1.875,2.5,5.625,2.5,0,4,8.125,2.5,0,46.5,3.063330733,24.625,8,2,5.3125
16403,16,10,61.875,2.5,2.5,8.75,2.5,1,6,3.125,11.25,0,113,7.348327096,29.2,5,2,7.1875
18104,18,5,73.125,1.25,2.5,8.75,15,0,1,1.25,4.375,0.625,117,2.564720045,40.5,2,2,2.8125
18112,18,8,62.5,31.875,2.5,5.625,60,0,0,1.25,4.375,0,216,3.388886012,44.5,2,2,2.8125
20114,20,8,62.5,2.5,2.5,2.5,11.875,0,2,3.125,22.5,0,68.33333333,3.946385539,23.33333333,6,3,12.8125
1303,1,20,82.5,0.625,5.625,2.5,2.5,0,3,1.25,11.875,0,700,0,0,0,0,6.5625
2209,2,6,70.625,0,2.5,1.875,2.5,0,2,0.625,1.875,25.625,21.72727273,22.87748058,43.81818182,11,1,1.25
4302,4,16,79.375,1.25,2.5,2.5,2.5,0,0,1.875,20,0,700,0,0,0,0,10.9375
5205,5,18,79.375,1.25,2.5,1.25,2.5,0,5,1.25,8.75,0.625,77.28571429,6.197494739,34.28571429,7,3,5
6408,6,15,79.375,1.875,2.5,2.5,15,1,1,0.625,4.375,3.75,116.75,6.223883606,35,4,2,2.5
6411,6,15,85,2.5,2.5,5.625,2.5,0,2,5.625,5.625,5,42.9,12.51526715,36.2,10,3,5.625
8305,8,22,20.625,2.5,2.5,44.375,60,0,2,7.5,1.875,0,700,0,0,0,0,4.6875
11207,11,27,79.375,2.5,2.5,8.75,10.83333333,0,0,4.375,10,0,700,0,0,0,0,7.1875
15107,15,18.5,79.375,1.875,5.625,5,6.666666667,0.116357504,2.341582064,2.5,10,0,145,1.53916536,25.33333333,3,2,6.25
15215,15,14,61.875,2.5,5.625,2.5,2.5,0,3,1.25,5.625,5,40.6,16.66498585,33.3,10,3,3.4375
19305,19,22,85,0,2.5,1.875,1.875,0,2,5,15,3.75,700,0,0,0,0,10
20414,20,8,68.125,1.875,2.5,2.5,2.5,0,5,3.125,20.625,5,55,3.634996915,23.85714286,7,4,11.875
1207,1,18,61.875,1.25,5.625,1.875,2.5,1,4,0.625,0,20,17.08333333,37.36635717,42.75,12,1,0.3125
5306,5,11,67.5,1.25,5.625,5,26.25,0,4,1.875,9.375,3.75,114.5,3.559719201,19.75,4,2,5.625
7105,7,10,73.125,1.25,2.5,2.5,2.5,0,2,3.75,5.625,3.75,141,5.73527291,45.5,2,2,4.6875
8411,8,15,68.125,1.25,2.5,23.125,0,0,1,1.25,7.5,0,700,0,0,0,0,4.375
14110,14,0,15,1.25,2.5,26.25,37.5,0,0,0,15,0,700,0,0,0,0,7.5
15307,15,14,73.75,1.875,2.5,14.375,2.5,0,2,1.25,8.125,0,94.75,5.510550878,36.25,4,3,4.6875
15412,15,0,79.375,0.625,2.5,1.875,2.5,0,2,1.25,8.75,1.875,58.6,5.862217246,34.2,5,3,5
16104,16,16,50,1.875,14.375,14.375,2.5,0,4,3.75,1.875,3.75,59.5,4.285551918,23,4,1,2.8125
17314,17,18,79.375,2.5,2.5,11.875,60,0,1,5,8.125,1.25,127.5,0.853610387,22,4,2,6.5625
19314,19,2,68.125,1.875,2.5,2.5,11.875,1,0,1.25,10.625,9.375,73,11.03721285,29,4,1,5.9375
20411,20,12,79.375,0.625,5.625,1.25,2.5,0,5,3.125,15,1.25,16.5,3.684996872,22.9,10,4,9.0625
2201,2,16.08859949,91.25,0,1.25,0,2.5,0,4,1.25,0,13.75,53.42857143,20.10470516,15.42857143,7,1,0.625
7412,7,19,73.75,0.625,11.875,2.5,2.5,0,3,1.875,8.75,3.75,41.75,2.452497918,19.25,4,2,5.3125
11108,11,23,79.375,2.5,2.5,2.5,6.666666667,0,0,7.5,10,0,700,0,0,0,0,8.75
18403,18,21,88.125,0.625,2.5,1.25,2.5,0,2,6.25,2.5,0,125.4,7.048327351,37.8,5,3,4.375
6406,6,32,85,1.875,2.5,2.5,2.5,0,3,2.5,5,0,105,1.616943072,20,3,1,3.75
1409,1,19,82.5,5,2.5,5.625,60,0,4,1.875,0.625,3.75,18.46153846,28.1005317,49.69230769,13,1,1.25
11315,11,16,62.5,1.875,5.625,2.5,2.5,0,2,5,21.25,1.25,63.66666667,18.23442897,33.5,6,2,13.125
12312,12,5,70.625,0,2.5,0.625,21.25,1,1,8.75,7.5,0,700,0,0,0,0,8.125
13212,13,8,26.25,2.5,5.625,11.875,26.25,0,0,5,13.125,0,700,0,0,0,0,9.0625
13310,13,8,15,3.125,2.5,15,37.5,0,1,0.625,15.625,0,700,0,0,0,0,8.125
15405,15,16,79.375,1.875,8.75,2.5,2.5,0,2,0,4.375,4.375,700,0.021111093,8,1,1,2.1875
16401,16,6,50,2.5,2.5,15,60,0,2,3.75,8.125,0.625,90.5,3.017497439,34.5,4,2,5.9375
17101,17,23,56.25,0.625,5.625,1.875,2.5,0,4,7.5,3.75,0,138.6666667,0.590555054,10.66666667,3,1,5.625
17415,17,5,73.75,2.5,5.625,2.5,10.83333333,0,6,3.125,11.25,13.125,43.4,7.32527156,21.9,10,3,7.1875
19410,19,9,73.125,2.5,2.5,2.5,2.5,0,2,4.375,6.25,20.625,14.42857143,14.53276544,31.14285714,7,1,5.3125
20108,20,8,73.75,1.25,2.5,1.875,2.5,0,4,4.375,26.25,1.25,69.2,1.583331989,23.4,5,2,15.3125
20404,20,19,62.5,2.5,2.5,5.625,8.75,0,2,5,13.125,3.75,62.8,2.66471996,24.2,5,3,9.0625
2203,2,16.08859949,88.125,0.625,2.5,1.875,2.5,0,2,1.25,1.875,7.5,24,14.85082073,35.2,5,1,1.5625
2214,2,16.08859949,59.375,0.625,11.25,1.25,2.5,0,3,10,1.875,20,52.4,12.75248918,31.8,5,1,5.9375
2306,2,2,79.375,0.625,1.25,2.5,8.75,0,0,4.375,1.875,13.125,29.4,4.56444057,30.2,5,1,3.125
3213,3,9,73.75,2.5,5.625,5.625,2.5,0,3,1.25,1.875,8.125,14.07692308,43.95246269,50.07692308,13,1,1.5625
4101,4,6,68.125,0.625,2.5,5.625,2.5,0,0,3.75,9.375,0,700,0,0,0,0,6.5625
5411,5,13,73.125,2.5,2.5,5.625,2.5,0,3,1.25,5.625,9.375,29.5,17.38609635,27.2,10,3,3.4375
6109,6,29,79.375,1.25,2.5,5.625,6.666666667,0,5,1.875,2.5,4.375,82.75,10.20360245,38.5,4,2,2.1875
6310,6,14,85,0,2.5,2.5,11.875,0,2,1.25,5,0,213.5,0.193055392,8,2,1,3.125
7304,7,14,85,0,5.625,1.875,2.5,1,0,3.125,5.625,3.75,90.33333333,8.729714812,34.5,6,3,4.375
11109,11,18,85,2.5,2.5,2.5,2.5,0,2,17.5,6.875,0,362,1.942220574,38,1,1,12.1875
13109,13,17,68.125,2.5,5.625,2.5,14.375,0,3,5.625,12.5,0,700,0,0,0,0,9.0625
13202,13,13,26.25,3.75,5.625,5.625,31.875,0,0,4.375,13.125,0,700,0,0,0,0,8.75
15404,15,28,85,1.875,2.5,11.875,60,0,3,5,4.375,0,202,0.354721921,5,2,1,4.6875
17210,17,9,79.375,2.5,2.5,8.75,2.5,0,1,5,3.75,0.625,259,0.462499607,11.5,2,1,4.375
18201,18,37,88.125,0,1.875,2.5,2.5,0,3,6.25,1.875,0,290,0.239999796,6,1,1,4.0625
20401,20,5,79.375,1.25,2.5,2.5,2.5,0,3,3.125,21.25,0.625,108,1.695831894,24.75,4,2,12.1875
2111,2,16.08859949,73.125,0.625,2.5,1.875,2.5,0,4,3.75,3.75,0,10,32.96580535,43.84615385,13,1,3.75
2410,2,16.08859949,68.125,1.25,2.5,2.5,8.75,0,0,0.625,13.125,0,460,0.108333241,20,1,1,6.875
3415,3,17,73.75,7.5,2.5,8.75,15,0,2,1.25,0,5,12.16666667,41.04579849,39.88888889,18,1,0.625
4409,4,13,68.125,2.5,2.5,15,11.875,0,0,3.75,15.625,0,700,0,0,0,0,9.6875
6402,6,44,85,1.25,2.5,1.875,5.625,0,3,2.5,3.125,0.625,75,4.870273644,27.4,5,3,2.8125
6410,6,28,79.375,2.5,5.625,2.5,11.875,0,3,5,3.125,9.375,48.66666667,13.74832166,38.66666667,6,4,4.0625
16405,16,3,79.375,1.875,2.5,2.5,2.5,1,2,3.75,7.5,0,96.4,8.846936935,32.6,5,2,5.625
17315,17,20,68.125,1.875,2.5,5.625,8.75,0,2,4.375,23.125,2.5,163,0.406388544,8.25,4,1,13.75
18214,18,17,85,2.5,2.5,15,60,0,0,1.875,1.875,0,700,0,0,0,0,1.875
3115,3,6,68.125,3.125,5.625,5.625,11.875,0,2,1.25,1.875,15,5.772727273,43.48135198,42.36363636,22,1,1.5625
3316,3,8,73.75,3.125,5.625,15,60,0,2,5,0,7.5,9.9375,33.31219395,35.625,16,1,2.5
6413,6,15,73.75,2.5,11.875,5.625,8.75,0,5,1.25,5.625,4.375,28.25,14.58498762,38.66666667,12,3,3.4375
7216,7,13,73.75,1.25,8.75,5.625,2.5,0,2,1.875,10.625,0.625,61.75,7.865271102,30,4,3,6.25
20316,20,11,73.75,0,2.5,2.5,2.5,0,4,4.375,17.5,8.125,62.4,3.534441444,27.8,5,3,10.9375
4102,4,23,79.375,12.5,2.5,5.625,2.5,1,0,7.5,3.125,0.625,235,4.409996257,44,1,1,5.3125
4202,4,13,79.375,0,2.5,1.875,2.5,1,2,1.875,1.25,3.75,36.5,7.056660677,52.5,2,1,1.5625
7110,7,23,85,1.875,2.5,8.75,2.5,0,2,3.75,3.125,0,85.66666667,3.421108207,12.66666667,3,1,3.4375
16303,16,11,56.25,2.5,5.625,15,10.83333333,0,3,3.125,8.125,13.125,120.3333333,5.033884616,25.33333333,3,1,5.625
18216,18,18,73.75,2.5,2.5,26.25,60,0,0,2.5,1.25,0,700,0,0,0,0,1.875
7310,7,9,79.375,0,8.75,2.5,2.5,0,2,1.875,9.375,0,148.5,3.822496755,26.75,4,2,5.625
14316,14,10,26.25,1.875,5.625,5.625,31.875,0,0,0.625,11.875,9.375,700,0,0,0,0,6.25
8215,8,16.25,79.375,0.625,8.75,5.625,60,0,4.25,1.25,3.75,0,700,0,0,0,0,2.5
1211,1,19,61.875,0,5.625,0.625,26.25,1,1,3.125,0.625,10,25.88888889,14.96776507,25.33333333,9,1,1.875
2107,2,16.08859949,82.5,1.875,2.5,2.5,2.5,0,1,1.25,4.375,18.75,28.7,20.09970516,46.8,10,1,2.8125
3206,3,6,85,0,2.5,1.875,5.625,0,0,1.875,3.125,0,700,0,0,0,0,2.5
3404,3,1,85,2.5,8.75,5.625,60,0,0,0,2.5,0,700,0,0,0,0,1.25
5106,5,15,61.25,0.625,5.625,1.875,2.5,0,3,1.875,11.875,7.5,62.5,10.13360251,36.5,6,2,6.875
6216,6,17,85,1.875,5.625,2.5,5.625,0,4,0.625,2.5,4.375,9,15.59054232,26.4375,16,4,1.5625
8213,8,16,79.375,1.25,2.5,11.25,60,0,5,1.875,5.625,0,700,0,0,0,0,3.75
11409,11,0,79.375,2.5,2.5,2.5,2.5,0,4,3.75,12.5,0,700,0,0,0,0,8.125
13201,13,27,26.25,2.5,5.625,5.625,23.125,0,2,1.25,5.625,0,700,0,0,0,0,3.4375
13316,13,12,20.625,2.5,2.5,5.625,31.875,0,2,1.25,8.75,0,700,0,0,0,0,5
14212,14,17.5,38.125,2.5,5.625,2.5,23.125,0.116357504,2.341582064,1.25,11.875,0,700,0,0,0,0,6.5625
14302,14,5,20.625,3.125,2.5,8.75,37.5,0,0,0.625,5.625,0,700,0,0,0,0,3.125
16202,16,11,56.25,2.5,5.625,32.5,15,0,3,7.5,2.5,0.625,108,4.969995781,20.5,2,2,5
18105,18,1,85,1.875,5.625,2.5,60,0,1,1.25,5,0,500,4.152218698,50,1,1,3.125
19308,19,37,73.75,2.5,2.5,2.5,2.5,0,0,4.375,26.875,0,700,0,0,0,0,15.625
20213,20,10,68.125,1.875,2.5,2.5,5.625,0,3,2.5,11.875,4.375,64.75,6.828605315,27.625,8,4,7.1875
20302,20,9,73.75,1.25,8.75,2.5,2.5,0,4,3.75,15.625,5,69.16666667,4.263329715,21,6,3,9.6875
1214,1,18,55.625,1.25,2.5,1.875,37.5,0,1,1.25,1.25,18.75,77,7.536104714,37.5,2,1,1.25
4402,4,30,73.75,1.25,2.5,2.5,5.625,0,0,23.125,1.875,0,700,0,0,0,0,12.5
5114,5,13,88.125,1.875,2.5,1.875,2.5,0.116357504,2.341582064,1.25,5,3.75,39.92307692,11.00360177,25.15384615,13,4,3.125
5307,5,16,85,1.875,2.5,5.625,60,0,3,1.25,6.25,3.75,41.57142857,8.852214708,27,7,4,3.75
11202,11,36,79.375,2.5,2.5,8.75,11.875,0,5,11.25,2.5,0,700,0,0,0,0,6.875
12408,12,12,62.5,3.125,2.5,20.625,60,0,0,2.5,3.75,0,700,0,0,0,0,3.125
12412,12,16,79.375,0.625,2.5,5,15,0,7,1.875,5,0,700,0,0,0,0,3.4375
13107,13,14,43.75,1.25,5.625,0.625,1.25,0,3,8.125,16.875,0,700,0,0,0,0,12.5
13411,13,6,20.625,2.5,2.5,5.625,31.875,0,0,0.625,15.625,0,700,0,0,0,0,8.125
15101,15,17,85,2.5,5.625,8.75,60,0,3,1.25,3.125,0.625,100,3.199997284,35.33333333,3,2,2.1875
16110,16,30,73.75,3.125,2.5,15,15,0,4,4.375,2.5,7.5,181.6666667,2.48055345,30,3,1,3.4375
17114,17,10,56.25,1.875,5.625,5,6.666666667,0,3,3.125,11.25,0.625,98.4,4.073329876,16.2,5,2,7.1875
18111,18,0,55.625,5,2.5,26.25,60,0,0,0,7.5,0,700,0,0,0,0,3.75
18404,18,7,85,1.25,2.5,2.5,15,0,3,1.875,5,0,496,4.713329333,8,1,1,3.4375
18415,18,16.08859949,85,2.5,2.5,8.75,60,0.116357504,2.341582064,0.625,3.75,0,700,0,0,0,0,2.1875
20103,20,13,62.5,1.25,5.625,2.5,2.5,0,3,3.125,22.5,4.375,134,2.207498126,10.25,4,1,12.8125
2405,2,0,73.125,0,1.875,2.5,17.5,0,0,0,3.125,3.75,204.5,2.351664671,39,2,1,1.5625
3106,3,7,85,0.625,2.5,2.5,11.875,0,0,0.625,8.75,0,700,0,0,0,0,4.6875
3309,3,18,76.875,0,2.5,1.25,2.5,0,3,0.625,4.375,17.5,61.33333333,29.2396974,51.66666667,6,1,2.5
4111,4,10,67.5,0.625,5.625,2.5,5.625,0,3,3.75,6.25,13.75,51.75,15.1752649,47,4,1,5
5112,5,14,73.75,0.625,5.625,1.875,2.5,0,3,0.625,8.75,8.125,26.42857143,21.58581501,32.07142857,14,3,4.6875
6108,6,18,73.125,1.875,5.625,2.5,26.25,0,3,6.25,3.125,0.625,129,4.458607327,30,3,2,4.6875
6205,6,11,73.75,1.875,5.625,2.5,8.75,0,3,1.25,10.625,0.625,103.3333333,1.638887498,21,3,2,5.9375
7414,7,11,85,1.875,2.5,2.5,2.5,0,3,1.875,3.75,0,72.5,0.524721777,14,2,1,2.8125
11410,11,9,61.875,2.5,2.5,2.5,2.5,0,2,4.375,22.5,0,290,0.454999614,26,1,1,13.4375
12411,12,0,85,2.5,2.5,11.875,60,0,4,0.625,3.125,0,700,0,0,0,0,1.875
14313,14,9,38.125,1.25,8.75,2.5,14.375,1,2,5.625,12.5,0,700,0,0,0,0,9.0625
16113,16,23,50,2.5,2.5,8.75,2.5,0,3,3.125,2.5,0,143,1.228054513,22,2,1,2.8125
17203,17,11,56.25,1.875,2.5,5.625,11.875,0,3,3.125,10.625,3.75,172,0.207499824,15.5,2,2,6.875
1206,1,8,70.625,1.25,2.5,5,15,0,4,2.5,0.625,16.875,19.92857143,25.72275594,38.07142857,14,1,1.5625
1208,1,26,61.875,0.625,2.5,1.875,15,1,2,8.125,0.625,25,27.3,18.80359515,36.2,10,1,4.375
3114,3,2,73.75,3.75,2.5,11.875,15,0,2,0,1.25,14.375,20.47368421,22.69803629,33.10526316,19,1,0.625
7115,7,21,85,1.25,5.625,5.625,2.5,0,3,0.625,6.875,0.625,83.25,1.541665358,24.5,4,3,3.75
11110,11,16,79.375,2.5,2.5,2.5,6.666666667,0,2,3.125,20.625,0,55,1.054443549,36,1,1,11.875
16106,16,16,68.125,3.125,2.5,17.5,2.5,0,4,3.75,2.5,0,83.5,5.255551095,31.5,6,1,3.125
19401,19,10,85,0,2.5,1.25,2.5,0,4,5,8.75,0,700,0,0,0,0,6.875
1107,1,22,79.375,1.25,2.5,2.5,2.5,0,6,3.75,3.75,10,29.66666667,25.04525652,33.53333333,15,1,3.75
1410,1,25,61.875,0,8.75,2.5,2.5,0,3,8.75,0.625,16.875,15.875,31.97108397,35.9375,16,1,4.6875
4116,4,6,73.75,1.875,2.5,2.5,2.5,0,0,1.25,22.5,0,700,0,0,0,0,11.875
3116,3,12,79.375,2.5,2.5,5.625,10.83333333,0,5,1.25,1.25,11.25,19.15384615,35.82941403,41.84615385,13,1,1.25
8208,8,26,79.375,1.25,2.5,17.5,60,0,4,5,2.5,0,700,0,0,0,0,3.75
11116,11,18,68.125,1.875,5.625,2.5,2.5,0,3,4.375,9.375,4.375,62.33333333,5.407217632,27.66666667,3,2,6.875
12113,12,32,91.25,1.25,2.5,2.5,60,0,1,5.625,0,0,700,0,0,0,0,2.8125
13116,13,12,31.875,2.5,5.625,2.5,26.25,0,1,2.5,10,0,700,0,0,0,0,6.25
13405,13,17,43.75,0.625,15,2.5,2.5,6,0,0.625,15,0,700,0,0,0,0,7.8125
13408,13,13,20.625,2.5,2.5,2.5,31.875,0,1,5,16.25,0,700,0,0,0,0,10.625
14105,14,2,20.625,1.875,2.5,17.5,31.875,0,0,0.625,12.5,0,700,0,0,0,0,6.5625
14108,14,3,15,1.875,2.5,11.875,37.5,0,0,1.25,11.875,0,700,0,0,0,0,6.5625
14209,14,8,20.625,1.875,8.75,11.875,20.625,0.116357504,2.341582064,1.25,12.5,0,700,0,0,0,0,6.875
14308,14,13,15,5.625,2.5,15,31.875,0,0,1.25,15,0,700,0,0,0,0,8.125
14409,14,5,15,6.875,2.5,11.875,31.875,0,0,0,12.5,0,700,0,0,0,0,6.25
14410,14,12,15,3.75,2.5,11.875,37.5,0,0,3.75,5.625,0,700,0,0,0,0,4.6875
15108,15,26,85,3.125,2.5,11.875,60,0,3,8.75,1.875,3.75,68.66666667,3.056664072,37,3,2,5.3125
15210,15,17,73.125,1.875,5.625,5.625,2.5,0,2,1.25,9.375,4.375,117.25,3.402219334,39,4,3,5.3125
15212,15,16,68.125,1.25,2.5,5.625,5.625,0,3,1.25,11.875,0,163.6666667,3.208608388,15.33333333,3,1,6.5625
17208,17,13,73.75,1.875,2.5,5.625,2.5,0,3,3.75,7.5,1.25,53.75,1.596109756,15.5,8,3,5.625
17307,17,8,73.75,0.625,2.5,2.5,2.5,0,5,2.5,15.625,0.625,163,0.454999614,7,2,1,9.0625
20304,20,19,79.375,2.5,5.625,2.5,5.625,0,4,3.125,16.875,0.625,86,0.359721917,13,1,1,10
3308,3,14,70.625,0,2.5,1.25,1.875,1,3,1.875,0.625,23.125,36.83333333,30.241641,27,6,1,1.25
7102,7,41,85,0,5.625,8.75,2.5,1,1,3.75,0.625,0.625,128.25,6.490827824,40.75,4,2,2.1875
8311,8,1,79.375,1.25,2.5,5.625,60,0,1,0.625,12.5,0,700,0,0,0,0,6.5625
11204,11,33,85,1.875,2.5,5.625,6.666666667,0,6,8.125,3.125,0,700,0,0,0,0,5.625
13312,13,8,20.625,2.5,2.5,8.75,31.875,0,4,0.625,6.25,0,700,0,0,0,0,3.4375
14315,14,4,62.5,0.625,5.625,2.5,2.5,0,0,4.375,16.25,0,700,0,0,0,0,10.3125
15205,15,30,68.125,3.125,2.5,20.625,60,0,2,5.625,2.5,7.5,201,4.294996354,30,2,2,4.0625
17406,17,6,88.125,1.875,5.625,2.5,2.5,0,3,3.125,7.5,4.375,201.75,0.922221439,11.5,4,1,5.3125
18416,18,21,68.125,3.125,2.5,15,60,0,0,2.5,1.25,0,700,0,0,0,0,1.875
19216,19,7,67.5,2.5,5.625,2.5,2.5,0,2,3.125,3.75,0,29.2,28.80275333,32.4,15,1,3.4375
20105,20,9,73.75,1.25,2.5,2.5,2.5,0,6,5,20.625,3.75,122.8,1.665554142,21.4,5,3,12.8125
8202,8,23,68.125,6.25,2.5,37.5,60,0,4,2.5,2.5,0,700,0,0,0,0,2.5
18310,18,25,85,3.125,2.5,15,60,0,1,5.625,1.875,0,297,0.934165874,14,1,1,3.75
11305,11,33,73.75,2.5,2.5,15,11.875,0,0,5,5.625,0,700,0,0,0,0,5.3125
13302,13,24,26.25,2.5,2.5,2.5,26.25,0,0,8.125,4.375,0,700,1.999998302,25,1,1,6.25
13410,13,6,20.625,2.5,2.5,5.625,37.5,0,2,0,15.625,0,700,0,0,0,0,7.8125
15213,15,9,73.75,1.875,8.75,8.75,2.5,0,3,1.875,9.375,0,36.5,6.64832769,29.25,4,3,5.625
16201,16,12,62.5,2.5,2.5,37.5,60,0,4,3.75,2.5,0.625,99,3.498330364,21.75,4,2,3.125
16307,16,12,61.875,1.875,5.625,8.75,5.625,0,3,4.375,5,3.75,42.5,7.346660431,40.16666667,6,2,4.6875
17105,17,21,79.375,0.625,8.75,1.875,1.666666667,0,3,5,3.75,0.625,167.6666667,1.942498351,7,3,1,4.375
3314,3,6,73.75,1.25,5.625,2.5,5.625,0,3,1.25,0.625,20.625,8.157894737,38.34246745,33,19,1,0.9375
4211,4,12,56.25,1.875,5.625,5.625,15,0,0,4.375,18.125,0,489,2.374720206,70,1,1,11.25
11413,11,29,62.5,1.875,2.5,2.5,5.625,0,2,7.5,20.625,0.625,122.6666667,7.57277135,36.33333333,3,2,14.0625
14305,14,7,15,3.125,2.5,15,37.5,0,0,4.375,15,0,700,0,0,0,0,9.6875
16116,16,10,62.5,2.5,2.5,8.75,60,0,1,5,2.5,0.625,700,0,0,0,0,3.75
17201,17,26,62.5,3.125,2.5,2.5,11.875,0,5,5,9.375,9.375,78.6,2.757497659,21.2,5,3,7.1875
19113,19,5,73.75,0.625,2.5,2.5,2.5,1,5,2.5,3.75,16.875,17.25,31.36636226,30.2,20,1,3.125
19212,19,11,85,2.5,2.5,2.5,2.5,1,2,1.25,11.25,8.125,22.15384615,32.48025021,30.53846154,13,1,6.25
6407,6,27,85,3.125,2.5,5.625,10.83333333,0,1,3.125,4.375,0,180,1.810831796,34.5,2,1,3.75
18414,18,9,73.75,2.5,2.5,11.875,60,0,0,4.375,1.875,0,700,0,0,0,0,3.125
2305,2,6,61.875,0.625,2.5,2.5,2.5,0,3,1.25,2.5,23.125,22.33333333,36.81246875,38.41666667,12,1,1.875
4114,4,12,61.875,0,5.625,1.875,2.5,1,0,0,1.875,35,57.28571429,22.12303678,43.85714286,7,1,0.9375
11308,11,14,85,1.25,2.5,2.5,2.5,0,2,3.125,10.625,1.25,62.66666667,16.91637453,51,3,2,6.875
11402,11,38,68.125,2.5,2.5,17.5,15,0,0,10.625,4.375,0,700,0,0,0,0,7.5
11406,11,31,79.375,2.5,2.5,5.625,2.5,0,3,6.25,19.375,0.625,500,0.066111055,23,1,1,12.8125
12216,12,0,94.375,1.25,1.875,1.25,60,0,4,0,5,0,700,0,0,0,0,2.5
12304,12,22,88.125,0.625,2.5,2.5,60,0,3,6.875,2.5,0,700,0,0,0,0,4.6875
13414,13,10,15,3.125,5.625,8.75,37.5,0,2,5,6.25,0,700,0,0,0,0,5.625
14303,14,5,15,3.125,2.5,15,37.5,0,0,0.625,12.5,0,700,0,0,0,0,6.5625
15211,15,12,62.5,1.25,5.625,5.625,2.5,0,4,1.875,15.625,1.25,80,11.76054557,23.66666667,9,2,8.75
15407,15,15,85,2.5,2.5,8.75,8.75,0,1,1.875,7.5,3.75,190,0.590832832,30.5,2,2,4.6875
16308,16,7,62.5,1.25,8.75,5.625,2.5,0,3,4.375,4.375,0.625,96.5,6.499438928,35.33333333,6,3,4.375
17215,17,15,73.75,2.5,2.5,5.625,60,0,2,3.75,11.25,3.75,87,0.951665859,12.5,2,1,7.5
17301,17,16,68.125,2.5,2.5,2.5,2.5,0,3,4.375,21.25,0.625,254.3333333,1.738887413,19.33333333,3,2,12.8125
17308,17,13,73.75,1.875,2.5,5.625,2.5,0,4,3.125,13.75,0,106,0.133055443,5,2,1,8.4375
19209,19,21,73.75,1.25,2.5,2.5,2.5,0,1,5,23.125,10,700,0,0,0,0,14.0625
20402,20,15,68.125,1.25,11.875,1.875,2.5,0,1,3.125,21.25,4.375,144.1666667,3.714163514,27.5,6,3,12.1875
1110,1,44,85,0.625,2.5,8.75,60,0,6,8.125,1.875,0,214,0.681666088,23,2,2,5
2109,2,16.08859949,73.75,1.875,2.5,11.875,14.375,0,0,3.75,3.125,13.125,48.6,11.27221265,50.2,5,1,3.4375
3211,3,11,73.75,1.875,8.75,5.625,2.5,0,3,2.5,0.625,11.875,30.90909091,45.69940565,40,11,1,1.5625
6114,6,25,79.375,2.5,8.75,5.625,8.75,0,4,1.875,3.125,4.375,135.6666667,4.212218647,28,3,2,2.5
6412,6,18,73.75,1.25,5.625,2.5,2.5,0,7,2.5,5.625,8.125,39.54545455,19.44276127,31.63636364,11,2,4.0625
8105,8,15,50,2.5,2.5,38.125,60,0,4,4.375,5,0,700,0,0,0,0,4.6875
8205,8,49,61.875,2.5,2.5,38.125,60,0,5,9.375,1.875,0,700,0,0,0,0,5.625
8306,8,16,55.625,9.375,1.25,56.25,60,0,2,1.25,1.25,0,142,0.716943836,52,1,1,1.25
8413,8,3,85,1.875,2.5,5.625,0,0,2,0.625,7.5,0,108.5,10.23221354,57.5,2,1,4.0625
11209,11,17,79.375,2.5,2.5,2.5,8.75,0,2,4.375,10.625,0,700,0,0,0,0,7.5
12212,12,5,88.125,0.625,2.5,1.25,60,0,8,1.875,3.125,0,700,0,0,0,0,2.5
15102,15,21,79.375,1.875,5.625,8.75,15,0,1,1.875,8.75,3.75,223,2.599997793,27,1,1,5.3125
1111,1,45,85,0.625,2.5,8.75,60,0,3,9.375,5.625,0,197,1.237221172,24.5,2,1,7.5
3101,3,2,91.25,0,2.5,1.25,60,0,0,0,5.625,0,700,0,0,0,0,2.8125
5108,5,7,79.375,0.625,15,1.875,2.5,0,2,0.625,8.125,3.75,17.76923077,11.50832356,29.84615385,13,4,4.375
6104,6,29,79.375,1.25,5.625,5.625,8.75,0,4,5.625,2.5,7.5,22,6.139994788,30.375,8,3,4.0625
7410,7,10,61.875,1.25,11.875,1.875,8.75,0,3,1.875,8.75,4.375,96.25,1.619720847,15,4,2,5.3125
8101,8,32,62.5,2.5,2.5,15,60,0,10,9.375,2.5,0,700,0,0,0,0,5.9375
8108,8,45,85,0.625,2.5,5.625,60,0,1,8.75,5.625,0,700,0,0,0,0,7.1875
12415,12,12,88.125,0,2.5,0.625,60,0,6,7.5,4.375,0,700,0,0,0,0,5.9375
18202,18,6,94.375,0,2.5,1.875,15,0,1,3.125,5,0.625,388,4.068607658,56,1,1,4.0625
18305,18,9,85,0.625,5.625,5.625,60,0,1,0.625,5,0,700,0.456944057,56,1,1,2.8125
3102,3,1,85,0.625,2.5,2.5,60,0,0,0,5.625,0,700,0,0,0,0,2.8125
3406,3,11,79.375,0.625,5.625,1.25,1.875,1,0,5,2.5,13.125,0,28.2563649,46,2,1,3.75
7407,7,22,85,0,5.625,2.5,2.5,0,3,2.5,5.625,0.625,173.75,2.04999826,19.75,4,1,4.0625
15309,15,10,85,1.875,5.625,8.75,2.5,0,1,1.25,9.375,0.625,59.25,3.219719489,31,4,2,5.3125
12401,12,27,73.125,0,2.5,0,9.375,0,9,6.25,3.125,0,700,0,0,0,0,4.6875
3107,3,22,85,0.625,2.5,2.5,60,0.116357504,2.341582064,8.125,1.25,0,700,0,0,0,0,4.6875
4401,4,2,79.375,1.25,2.5,1.875,2.5,0,0,3.75,31.875,0,700,0,0,0,0,17.8125
11303,11,30,73.75,1.875,2.5,2.5,2.5,0,1,8.125,8.75,3.75,250,2.166664828,40,1,1,8.4375
15105,15,54,79.375,3.125,5.625,8.75,2.5,0,2,2.5,5.625,9.375,215,1.859998421,26,1,1,4.0625
16304,16,7,56.25,3.125,2.5,8.125,8.75,0,4,4.375,10,0,112,11.99248982,28.8,5,2,7.1875
20314,20,6,68.125,0.625,5.625,2.5,2.5,0,4,2.5,16.875,4.375,108.2,2.184164813,19.6,5,3,9.6875
6307,6,21,79.375,1.25,5.625,2.5,8.75,0,1,1.875,3.75,3.75,176,5.7724951,43.33333333,3,2,2.8125
15216,15,14,68.125,1.875,5.625,2.5,2.5,0,3,1.25,11.875,0.625,40.8,12.76415583,32.4,10,5,6.5625
16406,16,15,68.125,2.5,2.5,8.75,60,0,4,8.125,5,0.625,83.4,4.343329647,29.4,5,2,6.5625
19112,19,9,73.75,1.25,2.5,2.5,2.5,0,3,3.125,12.5,14.375,27.75,17.82359598,31.375,8,1,7.8125
15306,15,25,85,1.875,2.5,5.625,2.5,0,1,2.5,9.375,3.75,140.6666667,1.754442955,25.66666667,3,2,5.9375
18110,18,15,62.5,2.5,2.5,37.5,60,0,0,1.25,3.125,0,700,0,0,0,0,2.1875
2116,2,16.08859949,65,0,5.625,1.875,1.875,0,2,0.625,2.5,4.375,1.5,22.56942529,39,6,2,1.5625
4214,4,13,62.5,1.875,2.5,5.625,11.875,1,2,7.5,17.5,3.75,135,6.599994398,57.5,2,1,12.5
13112,13,16,20.625,2.5,2.5,2.5,20.625,0,0,7.5,15,0,700,0,0,0,0,11.25
16409,16,19,55.625,1.25,8.75,2.5,2.5,0,5,4.375,3.125,7.5,82.77777778,6.883327491,39.77777778,9,2,3.75
18116,18,19,43.75,8.75,2.5,37.5,60,0,0,0,4.375,0,700,0,0,0,0,2.1875
1310,1,27,73.75,4.375,8.75,8.75,0,0,2,5.625,1.25,0,35.75,5.888050558,33.5,4,1,3.4375
11405,11,45,79.375,2.5,2.5,8.75,2.5,0,1,4.375,8.125,0,700,0,0,0,0,6.25
13203,13,20,26.25,2.5,5.625,5.625,26.25,0,1,8.75,8.75,0,700,0,0,0,0,8.75
14304,14,6,15,3.125,1.875,15,37.5,0,0,1.875,11.875,0,700,0,0,0,0,6.875
15214,15,9,73.75,1.875,2.5,2.5,6.666666667,0,4,1.875,8.75,16.875,159,2.461109022,32.5,2,2,5.3125
16305,16,17,68.125,1.875,5.625,11.875,6.666666667,0,3,5,4.375,0,106.75,3.474441495,42.75,4,2,4.6875
17216,17,12,56.25,1.875,2.5,2.5,6.666666667,0,3,4.375,20,0,94.66666667,1.38888771,34,3,2,12.1875
17312,17,25,62.5,3.125,2.5,8.75,2.5,0,6,5,11.25,0.625,66.5,6.344161282,23.5,8,5,8.125
20403,20,2,68.125,2.5,11.875,2.5,2.5,0,5,4.375,16.25,1.25,76.75,2.337775793,20,4,4,10.3125
1416,1,50,73.75,5,2.5,5.625,2.5,0,2,6.25,1.25,10,56.25,5.38832876,30.25,4,1,3.75
2402,2,0,82.5,0,2.5,0,1.875,0,2,8.125,0.625,9.375,48.6,14.22221015,20,5,1,4.375
2416,2,16.08859949,76.875,2.5,1.875,2.5,2.5,0,2,1.875,1.875,16.875,16.25,31.12747358,37.375,16,1,1.875
6107,6,13,73.125,1.25,5.625,2.5,20,0,1,1.875,6.875,3.75,155,1.151665689,23,2,2,4.375
7406,7,14,85,0,2.5,1.25,2.5,0,2,6.25,13.75,0,700,0,0,0,0,10
20112,20,15,67.5,2.5,5.625,2.5,2.5,0,6,4.375,22.5,4.375,108.6,1.136943479,14.6,5,2,13.4375
4208,4,34,73.75,1.25,2.5,2.5,8.75,0,0,7.5,6.25,0,700,0,0,0,0,6.875
5401,5,21,73.125,2.5,2.5,11.875,37.5,0,5,1.875,5.625,0,121.25,9.146381125,39.75,4,2,3.75
6215,6,24,85,3.75,2.5,2.5,11.875,0,4,1.875,3.125,3.75,37.05555556,7.998048767,24,18,4,2.5
11115,11,5,61.875,3.125,2.5,5.625,6.666666667,0,3,4.375,18.75,9.375,140,12.71860032,43.66666667,3,2,11.5625
11201,11,30,79.375,2.5,2.5,8.75,15,0,1,5,5,0,700,0,0,0,0,5
11205,11,36,68.125,3.125,2.5,5.625,2.5,0,3,8.125,19.375,0,700,0,0,0,0,13.75
14107,14,5,20.625,1.875,2.5,15,31.875,0,0,0,10,0,700,0,0,0,0,5
15203,15,23,61.875,2.5,2.5,11.875,60,0,1,1.875,2.5,4.375,93.33333333,5.5894397,23.33333333,3,2,2.1875
15208,15,5,62.5,0.625,11.875,2.5,2.5,0,3,1.875,11.875,0.625,117,4.797773705,16,2,1,6.875
17303,17,14,68.125,2.5,2.5,5.625,6.666666667,0,6,3.75,16.875,4.375,182,3.856663393,40,2,2,10.3125
17309,17,10,73.75,2.5,2.5,8.75,2.5,0,5,4.375,14.375,0.625,320,0.509999567,33,1,1,9.375
18209,18,8,85,2.5,2.5,20.625,60,0,0,0,5,0,700,0,0,0,0,2.5
19211,19,14,85,1.875,2.5,2.5,2.5,1,1,3.75,14.375,3.75,37.55555556,16.78915242,28.66666667,9,1,9.0625
20203,20,9,73.75,0.625,5.625,1.875,2.5,0,3,3.75,18.125,0,97.5,1.826665116,20.75,4,2,10.9375
2103,2,16.08859949,67.5,1.875,0,13.75,5.625,0,1,1.25,1.25,7.5,84.77777778,17.92304034,40.22222222,9,1,1.25
3407,3,12,85,0.625,2.5,1.25,5.625,0,2,6.25,4.375,3.75,81.75,8.908047994,27,4,1,5.3125
4204,4,25,79.375,1.25,5.625,1.875,8.75,1,0,14.375,5.625,0,423,2.674997729,50,1,1,10
6301,6,32,79.375,2.5,5.625,5.625,8.75,0,4,2.5,3.125,0.625,57,9.697213991,27.4,5,2,2.8125
7302,7,25,79.375,0.625,2.5,2.5,8.75,0,3,6.875,1.25,3.75,77.5,9.026659005,32.4,10,2,4.0625
8104,8,33,26.25,3.125,2.5,50,60,0,0,6.25,1.25,0,700,0,0,0,0,3.75
12403,12,26,61.875,0,2.5,0.625,30.625,0,7,8.75,3.125,0,700,0,0,0,0,5.9375
13110,13,21,43.75,2.5,8.75,2.5,31.875,0,2,8.75,13.125,0,700,0,0,0,0,10.9375
13216,13,15,26.25,2.5,2.5,5.625,23.125,1,0,1.25,15,0,700,0,0,0,0,8.125
16412,16,11,73.75,3.125,2.5,8.75,2.5,0,6,3.75,3.125,0,106.6666667,2.604997789,30.66666667,3,2,3.4375
17304,17,19,68.125,1.875,5.625,5.625,6.666666667,0,3,4.375,20,3.75,132.3333333,3.452774847,21.66666667,3,2,12.1875
20206,20,4,73.75,1.25,2.5,2.5,5.625,0,6,3.75,15.625,3.75,81.875,4.506662841,22.75,8,4,9.6875
1412,1,32,73.75,0.625,2.5,2.5,8.75,1,2,8.75,0,10,77.8,11.50249024,36.8,5,1,4.375
2205,2,16.08859949,61.875,1.25,8.125,4.375,2.5,0,2,0,5.625,32.5,31.25,16.35748612,39,8,1,2.8125
2312,2,16.08859949,68.125,0,2.5,2.5,2.5,0,0,3.75,13.75,0,91,1.5844431,29,1,1,8.75
7401,7,33,73.75,0.625,8.75,1.875,1.666666667,1,1,3.75,0.625,7.5,70.85714286,12.56221156,31.85714286,7,3,2.1875
2409,2,0,65,1.25,2.5,5,5.625,0,3,0,2.5,30.625,66,11.39999032,39,2,1,1.25
4411,4,5,68.125,1.875,5.625,11.875,11.875,0,0,0.625,8.75,0,700,0,0,0,0,4.6875
7214,7,19,68.125,0.625,11.875,2.5,2.5,0,4,2.5,6.875,7.5,113.6666667,7.85193778,24.66666667,6,2,4.6875
1403,1,27,85,3.125,2.5,15,60,0,2,3.125,0.625,0.625,71.66666667,3.799441219,43.33333333,3,1,1.875
18413,18,0,85,2.5,2.5,11.875,60,0,0,0.625,2.5,0,700,0,0,0,0,1.5625
19116,19,7,68.125,2.5,2.5,2.5,2.5,2,1,2.5,14.375,0,60.71428571,23.04081378,29.71428571,7,2,8.4375
7416,7,12,73.75,0,2.5,2.5,2.5,0,5,1.875,10,8.125,70,9.032770111,25.125,8,4,5.9375
16313,16,12,50.625,2.5,5.625,2.5,2.5,0,3,3.75,3.125,3.75,124,1.719442985,26,2,2,3.4375
6202,6,26,79.375,1.875,2.5,8.75,2.5,0,5,1.875,4.375,4.375,15.3,7.782493394,27.1,10,3,3.125
14205,14,3,26.25,2.5,2.5,11.875,37.5,0.116357504,2.341582064,1.25,15,0,700,0,0,0,0,8.125
15104,15,40,85,2.5,5.625,11.875,60,0,6,2.5,2.5,3.75,111.25,6.444438974,29.75,4,2,2.5
16415,16,10,62.5,2.5,2.5,15,60,0,4,2.5,5,0.625,170,1.314721106,27,2,1,3.75
17211,17,13,73.75,2.5,5.625,11.875,8.75,0,3,3.125,5,8.125,105.2857143,4.865829203,20.28571429,7,3,4.0625
6201,6,17,85,3.125,5.625,8.75,2.5,0,4,1.875,5.625,1.875,23.61538462,11.98082316,29.76923077,13,4,3.75
12308,12,14,85,2.5,2.5,8.75,3.75,0,3,2.5,3.125,0,700,0,0,0,0,2.8125
20310,20,14,73.75,1.25,2.5,5.625,5.625,0,5,3.75,16.25,0,90.83333333,3.968607742,21.33333333,6,2,10
5104,5,23,70.625,1.875,8.75,1.875,2.5,2,1,1.25,14.375,3.75,136,2.886941994,23.66666667,3,1,7.8125
5208,5,9,88.125,1.25,5.625,2.5,2.5,1,2,1.25,8.75,0.625,66.125,6.236661373,30.25,8,2,5
13412,13,2,20.625,2.5,2.5,5.625,31.875,0,0,0,13.125,0,700,0,0,0,0,6.5625
14106,14,5,26.25,2.5,2.5,15,26.25,0,0,3.75,12.5,0,700,0,0,0,0,8.125
14214,14,7,15,2.5,2.5,11.875,37.5,1,2.341582064,0.625,15,0,700,0,0,0,0,7.8125
15303,15,22,85,2.5,2.5,8.75,60,0,3,2.5,3.125,0,220.6666667,2.406664624,25.33333333,3,2,2.8125
16213,16,16,68.125,2.5,2.5,5.625,10.83333333,0,4,4.375,3.125,0.625,62.5,1.621943068,35.75,4,2,3.75
17302,17,19,62.5,1.25,2.5,2.5,2.5,0,4,4.375,22.5,3.75,73,7.441938128,26.57142857,7,3,13.4375
20212,20,13,79.375,1.875,2.5,2.5,5.625,0,7,3.75,13.125,0,320,1.458332095,3,1,1,8.4375
5406,5,11,88.125,6.25,2.5,2.5,60,0,2,0.625,2.5,3.75,128.6666667,5.88777278,28.33333333,3,3,1.5625
7315,7,8,73.75,0.625,8.75,5,2.5,0,1,1.25,12.5,0.625,90.66666667,7.348327096,34,6,3,6.875
4212,4,10,56.25,2.5,5.625,2.5,14.375,0,0,9.375,9.375,0,700,0,0,0,0,9.375
7205,7,21,67.5,1.875,5.625,2.5,2.5,0,3,1.875,4.375,10,146,4.437496233,18,2,2,3.125
18406,18,9,85,2.5,2.5,8.75,60,0,0,1.25,5,0,700,0,0,0,0,3.125
5405,5,21,79.375,1.25,2.5,2.5,2.5,0,2,2.5,8.75,0.625,80.28571429,8.124993103,22.14285714,7,3,5.625
11314,11,23,79.375,3.125,2.5,8.75,15,0,2,3.75,11.25,0.625,85.66666667,2.761664322,38.33333333,3,2,7.5
4304,4,25,73.75,2.5,2.5,26.25,20.625,0,0,0.625,2.5,0,700,0,0,0,0,1.5625
5115,5,10,73.75,1.25,8.75,5.625,60,0,4,5,9.375,3.75,47.33333333,5.763050664,17.5,6,2,7.1875
13104,13,27,50,1.25,5.625,2.5,11.25,0,0,11.875,10,0,700,0,0,0,0,10.9375
14213,14,17,56.25,0,20.625,2.5,2.5,1,2.341582064,1.25,11.875,0,700,0,0,0,0,6.5625
17401,17,15,79.375,2.5,2.5,5.625,2.5,0,3,3.75,5.625,0,73.25,4.136524267,27,4,3,4.6875
20207,20,6,73.75,2.5,2.5,2.5,2.5,0,6,3.75,21.875,0,126.6666667,1.822776231,13.33333333,3,1,12.8125
14309,14,17,31.875,9.375,8.75,8.75,20.625,0,1,4.375,6.25,0,700,0,0,0,0,5.3125
19108,19,11,85,0.625,2.5,1.875,0.625,0,3,1.25,15.625,0,700,0,0,0,0,8.4375
6204,6,26,73.75,1.25,8.75,2.5,5.625,0,2,5.625,9.375,1.25,42.38461538,15.10304274,25.46153846,13,4,7.5
15313,15,21,79.375,1.25,5.625,2.5,2.5,0,5,0.625,11.875,0,114,4.109996511,34,2,2,6.25
16102,16,14,43.75,2.5,2.5,50,60,0,1,6.25,3.125,7.5,165,1.836109553,34.5,2,1,4.6875
16203,16,17,62.5,2.5,2.5,26.25,60,0,2,5,2.5,0.625,104.3333333,6.730272065,22,3,2,3.75
20311,20,8,62.5,0.625,2.5,1.875,1.875,0,5,3.75,26.875,7.5,43,5.667772967,25.36363636,11,4,15.3125
16205,16,14,55.625,1.875,2.5,11.875,2.5,0,6,11.875,2.5,1.875,33,8.31638183,34.22222222,9,2,7.1875
11104,11,26,73.75,2.5,2.5,5.625,15,0,3,7.5,7.5,0,700,0,0,0,0,7.5
14310,14,17,26.25,2.5,2.5,11.875,31.875,0,1,1.875,8.75,0,700,0,0,0,0,5.3125
7413,7,17,85,1.25,5.625,2.5,2.5,0,4,0,6.25,0.625,143.3333333,0.884443694,15.33333333,3,1,3.125
20409,20,4,73.75,2.5,5.625,2.5,2.5,0,2,3.125,16.875,0.625,197,2.407775734,37.5,2,2,10
11114,11,12,68.125,2.5,2.5,8.75,8.75,0,3,4.375,14.375,0,177,25.20303416,25.66666667,3,1,9.375
13105,13,33,61.875,5,8.125,1.875,1.875,0,0,4.375,8.75,0,700,0,0,0,0,6.5625
1216,1,8,91.25,2.5,2.5,2.5,60,0,1,6.25,1.25,4.375,30.5,1.611665299,29.5,4,1,3.75
6315,6,9,85,1.25,5.625,2.5,5.625,0,5,1.25,2.5,8.125,35.84615385,12.07554531,29.30769231,13,3,1.875
17403,17,13,85,2.5,2.5,2.5,5.625,0,4,3.75,17.5,1.25,66,1.63416528,19.75,4,2,10.625
20305,20,10,73.75,2.5,8.75,2.5,2.5,0,5,3.75,21.25,0.625,56,3.721663508,22.57142857,7,4,12.5
5210,5,13,67.5,0,5.625,1.25,1.25,0,5,0.625,5.625,21.875,27.53846154,18.91915061,37,13,4,3.125
16316,16,26,43.75,2.5,2.5,11.875,2.5,0,1,7.5,2.5,0,350,0.900832569,46,1,1,5
7415,7,18,85,1.25,5.625,2.5,5.625,0,4,1.875,6.875,4.375,57,5.876939456,21,6,2,4.375
17313,17,15,73.75,3.75,2.5,8.75,15,0,2,4.375,14.375,0,101,1.834442887,30.25,4,2,9.375
12406,12,13,73.75,2.5,2.5,11.875,60,0,7,2.5,7.5,0,700,0,0,0,0,5
4203,4,35,73.125,1.25,11.25,1.875,5,0,0,15,4.375,0,90,0.95833252,20,1,1,9.6875
6414,6,12,79.375,1.875,5.625,2.5,2.5,0,6,0.625,2.5,14.375,38.7,15.60387564,35.3,10,3,1.5625
13215,13,8,31.875,2.5,5.625,2.5,37.5,0,0,7.5,5.625,0,700,0,0,0,0,6.5625
14301,14,5,15,3.125,2.5,11.875,37.5,0,0,0,15,0,700,0,0,0,0,7.5
3208,3,20,82.5,0,2.5,0,5.625,1,0,5,0.625,10,55.66666667,22.86442504,33.83333333,6,2,2.8125
3414,3,23,68.125,3.125,5.625,5.625,8.75,0,4,3.75,2.5,15,13.42105263,42.46524173,40.47368421,19,1,3.125
3207,3,34,73.75,0.625,2.5,1.875,14.375,0,1,6.25,2.5,3.75,144.5,5.3272177,37.5,2,1,4.375
