#Det,Easting,Northing,,GdNo
1101,494730.6315,4230244.112,/,1
1102,494719.6315,4230245.112,/,1
1103,494709.6315,4230246.112,/,1
1104,494699.6315,4230252.112,/,1
1105,494690.6315,4230251.112,/,1
1106,494680.6315,4230253.112,/,1
1107,494672.6315,4230254.112,/,1
1108,494662.6315,4230256.112,/,1
1109,494652.6315,4230258.112,/,1
1110,494644.6315,4230262.112,/,1
1111,494631.6315,4230265.112,/,1
1112,494621.6315,4230265.112,/,1
1113,494610.6315,4230267.112,/,1
1114,494603.6315,4230272.112,/,1
1115,494594.6315,4230276.112,/,1
1116,494583.6315,4230281.112,/,1
1201,494729.6315,4230253.112,/,1
1202,494724.6315,4230255.112,/,1
1203,494712.6315,4230259.112,/,1
1204,494699.6315,4230257.112,/,1
1205,494688.6315,4230262.112,/,1
1206,494681.6315,4230259.112,/,1
1207,494672.6315,4230265.112,/,1
1208,494659.6315,4230264.112,/,1
1209,494651.6315,4230262.112,/,1
1210,494643.6315,4230270.112,/,1
1211,494633.6315,4230272.112,/,1
1212,494620.6315,4230277.112,/,1
1213,494615.6315,4230275.112,/,1
1214,494607.6315,4230284.112,/,1
1215,494595.6315,4230288.112,/,1
1216,494583.6315,4230292.112,/,1
1301,494733.6315,4230259.112,/,1
1302,494724.6315,4230260.112,/,1
1303,494711.6315,4230262.112,/,1
1304,494705.6315,4230265.112,/,1
1305,494696.6315,4230268.112,/,1
1306,494684.6315,4230272.112,/,1
1307,494675.6315,4230274.112,/,1
1308,494665.6315,4230276.112,/,1
1309,494656.6315,4230276.112,/,1
1310,494644.6315,4230286.112,/,1
1311,494635.6315,4230286.112,/,1
1312,494628.6315,4230293.112,/,1
1313,494616.6315,4230296.112,/,1
1314,494608.6315,4230296.112,/,1
1315,494596.6315,4230303.112,/,1
1316,494588.6315,4230307.112,/,1
1401,494736.6315,4230276.112,/,1
1402,494724.6315,4230273.112,/,1
1403,494714.6315,4230279.112,/,1
1404,494704.6315,4230281.112,/,1
1405,494696.6315,4230281.112,/,1
1406,494687.6315,4230284.112,/,1
1407,494680.6315,4230283.112,/,1
1408,494664.6315,4230288.112,/,1
1409,494655.6315,4230285.112,/,1
1410,494647.6315,4230288.112,/,1
1411,494638.6315,4230288.112,/,1
1412,494627.6315,4230292.112,/,1
1413,494621.6315,4230296.112,/,1
1414,494610.6315,4230300.112,/,1
1415,494600.6315,4230305.112,/,1
1416,494589.6315,4230310.112,/,1
2101,494604.6315,4230757.112,/,2
2102,494589.6315,4230758.112,/,2
2103,494581.6315,4230763.112,/,2
2104,494570.6315,4230764.112,/,2
2105,494562.6315,4230768.112,/,2
2106,494554.6315,4230771.112,/,2
2107,494543.6315,4230774.112,/,2
2108,494532.6315,4230777.112,/,2
2109,494521.6315,4230779.112,/,2
2110,494512.6315,4230783.112,/,2
2111,494501.6315,4230782.112,/,2
2112,494491.6315,4230786.112,/,2
2113,494482.6315,4230788.112,/,2
2114,494472.6315,4230787.112,/,2
2115,494463.6315,4230792.112,/,2
2116,494453.6315,4230795.112,/,2
2201,494603.6315,4230768.112,/,2
2202,494593.6315,4230770.112,/,2
2203,494583.6315,4230774.112,/,2
2204,494573.6315,4230775.112,/,2
2205,494563.6315,4230778.112,/,2
2206,494556.6315,4230785.112,/,2
2207,494546.6315,4230784.112,/,2
2208,494536.6315,4230786.112,/,2
2209,494526.6315,4230789.112,/,2
2210,494517.6315,4230792.112,/,2
2211,494508.6315,4230796.112,/,2
2212,494496.6315,4230796.112,/,2
2213,494485.6315,4230795.112,/,2
2214,494476.6315,4230797.112,/,2
2215,494466.6315,4230799.112,/,2
2216,494453.6315,4230802.112,/,2
2301,494605.6315,4230775.112,/,2
2302,494597.6315,4230776.112,/,2
2303,494586.6315,4230780.112,/,2
2304,494577.6315,4230784.112,/,2
2305,494567.6315,4230786.112,/,2
2306,494556.6315,4230794.112,/,2
2307,494545.6315,4230796.112,/,2
2308,494533.6315,4230798.112,/,2
2309,494527.6315,4230801.112,/,2
2310,494519.6315,4230804.112,/,2
2311,494607.6315,4230806.112,/,2
2312,494497.6315,4230809.112,/,2
2313,494488.6315,4230809.112,/,2
2314,494476.6315,4230809.112,/,2
2315,494468.6315,4230814.112,/,2
2316,494456.6315,4230817.112,/,2
2401,494606.6315,4230789.112,/,2
2402,494597.6315,4230791.112,/,2
2403,494587.6315,4230794.112,/,2
2404,494581.6315,4230798.112,/,2
2405,494569.6315,4230803.112,/,2
2406,494561.6315,4230804.112,/,2
2407,494550.6315,4230807.112,/,2
2408,494540.6315,4230807.112,/,2
2409,494531.6315,4230811.112,/,2
2410,494523.6315,4230814.112,/,2
2411,494511.6315,4230815.112,/,2
2412,494502.6315,4230816.112,/,2
2413,494491.6315,4230818.112,/,2
2414,494481.6315,4230819.112,/,2
2415,494472.6315,4230819.112,/,2
2416,494460.6315,4230820.112,/,2
3101,494375.6315,4231413.112,/,3
3102,494372.6315,4231415.112,/,3
3103,494362.6315,4231417.112,/,3
3104,494355.6315,4231421.112,/,3
3105,494339.6315,4231421.112,/,3
3106,494335.6315,4231423.112,/,3
3107,494325.6315,4231425.112,/,3
3108,494314.6315,4231426.112,/,3
3109,494305.6315,4231430.112,/,3
3110,494295.6315,4231435.112,/,3
3111,494281.6315,4231436.112,/,3
3112,494275.6315,4231439.112,/,3
3113,494261.6315,4231441.112,/,3
3114,494256.6315,4231441.112,/,3
3115,494243.6315,4231444.112,/,3
3116,494231.6315,4231448.112,/,3
3201,494382.6315,4231420.112,/,3
3202,494374.6315,4231427.112,/,3
3203,494365.6315,4231426.112,/,3
3204,494355.6315,4231429.112,/,3
3205,494345.6315,4231432.112,/,3
3206,494336.6315,4231436.112,/,3
3207,494326.6315,4231438.112,/,3
3208,494317.6315,4231441.112,/,3
3209,494305.6315,4231444.112,/,3
3210,494293.6315,4231441.112,/,3
3211,494283.6315,4231442.112,/,3
3212,494273.6315,4231445.112,/,3
3213,494269.6315,4231446.112,/,3
3214,494256.6315,4231447.112,/,3
3215,494246.6315,4231450.112,/,3
3216,494234.6315,4231456.112,/,3
3301,494384.6315,4231433.112,/,3
3302,494373.6315,4231437.112,/,3
3303,494367.6315,4231439.112,/,3
3304,494359.6315,4231441.112,/,3
3305,494346.6315,4231446.112,/,3
3306,494338.6315,4231448.112,/,3
3307,494326.6315,4231445.112,/,3
3308,494314.6315,4231449.112,/,3
3309,494311.6315,4231451.112,/,3
3310,494298.6315,4231450.112,/,3
3311,494286.6315,4231448.112,/,3
3312,494277.6315,4231455.112,/,3
3313,494265.6315,4231454.112,/,3
3314,494256.6315,4231459.112,/,3
3315,494248.6315,4231460.112,/,3
3316,494239.6315,4231464.112,/,3
3401,494389.6315,4231444.112,/,3
3402,494379.6315,4231446.112,/,3
3403,494369.6315,4231449.112,/,3
3404,494359.6315,4231453.112,/,3
3405,494349.6315,4231457.112,/,3
3406,494340.6315,4231458.112,/,3
3407,494326.6315,4231460.112,/,3
3408,494319.6315,4231460.112,/,3
3409,494313.6315,4231459.112,/,3
3410,494299.6315,4231462.112,/,3
3411,494292.6315,4231463.112,/,3
3412,494279.6315,4231456.112,/,3
3413,494266.6315,4231468.112,/,3
3414,494260.6315,4231473.112,/,3
3415,494250.6315,4231474.112,/,3
3416,494238.6315,4231473.112,/,3
4101,494271.6315,4231949.112,/,4
4102,494263.6315,4231953.112,/,4
4103,494253.6315,4231956.112,/,4
4104,494242.6315,4231958.112,/,4
4105,494233.6315,4231960.112,/,4
4106,494223.6315,4231960.112,/,4
4107,494212.6315,4231963.112,/,4
4108,494203.6315,4231966.112,/,4
4109,494192.6315,4231969.112,/,4
4110,494182.6315,4231970.112,/,4
4111,494173.6315,4231971.112,/,4
4112,494162.6315,4231976.112,/,4
4113,494150.6315,4231980.112,/,4
4114,494141.6315,4231978.112,/,4
4115,494133.6315,4231979.112,/,4
4116,494124.6315,4231982.112,/,4
4201,494274.6315,4231954.112,/,4
4202,494261.6315,4231959.112,/,4
4203,494251.6315,4231963.112,/,4
4204,494241.6315,4231965.112,/,4
4205,494233.6315,4231967.112,/,4
4206,494222.6315,4231968.112,/,4
4207,494212.6315,4231973.112,/,4
4208,494204.6315,4231974.112,/,4
4209,494194.6315,4231975.112,/,4
4210,494185.6315,4231978.112,/,4
4211,494173.6315,4231979.112,/,4
4212,494162.6315,4231982.112,/,4
4213,494155.6315,4231984.112,/,4
4214,494148.6315,4231986.112,/,4
4215,494137.6315,4231987.112,/,4
4216,494124.6315,4231990.112,/,4
4301,494273.6315,4231968.112,/,4
4302,494260.6315,4231968.112,/,4
4303,494253.6315,4231973.112,/,4
4304,494240.6315,4231976.112,/,4
4305,494237.6315,4231979.112,/,4
4306,494228.6315,4231980.112,/,4
4307,494217.6315,4231978.112,/,4
4308,494209.6315,4231982.112,/,4
4309,494197.6315,4231982.112,/,4
4310,494190.6315,4231988.112,/,4
4311,494178.6315,4231988.112,/,4
4312,494171.6315,4231993.112,/,4
4313,494160.6315,4231992.112,/,4
4314,494150.6315,4231996.112,/,4
4315,494138.6315,4231998.112,/,4
4316,494138.6315,4231994.112,/,4
4401,494278.6315,4231979.112,/,4
4402,494266.6315,4231981.112,/,4
4403,494258.6315,4231981.112,/,4
4404,494247.6315,4231985.112,/,4
4405,494236.6315,4231988.112,/,4
4406,494227.6315,4231990.112,/,4
4407,494221.6315,4231994.112,/,4
4408,494211.6315,4231993.112,/,4
4409,494202.6315,4231993.112,/,4
4410,494192.6315,4231999.112,/,4
4411,494181.6315,4232000.112,/,4
4412,494172.6315,4232003.112,/,4
4413,494163.6315,4232005.112,/,4
4414,494153.6315,4232008.112,/,4
4415,494142.6315,4232007.112,/,4
4416,494130.6315,4232011.112,/,4
5101,493704.6315,4231937.112,/,5
5102,493692.6315,4231938.112,/,5
5103,493684.6315,4231937.112,/,5
5104,493673.6315,4231941.112,/,5
5105,493661.6315,4231943.112,/,5
5106,493650.6315,4231945.112,/,5
5107,493643.6315,4231944.112,/,5
5108,493632.6315,4231947.112,/,5
5109,493623.6315,4231948.112,/,5
5110,493613.6315,4231948.112,/,5
5111,493603.6315,4231950.112,/,5
5112,493591.6315,4231952.112,/,5
5113,493582.6315,4231960.112,/,5
5114,493573.6315,4231965.112,/,5
5115,493566.6315,4231963.112,/,5
5116,493554.6315,4231948.112,/,5
5201,493706.6315,4231958.112,/,5
5202,493696.6315,4231949.112,/,5
5203,493685.6315,4231950.112,/,5
5204,493676.6315,4231947.112,/,5
5205,493665.6315,4231952.112,/,5
5206,493655.6315,4231954.112,/,5
5207,493648.6315,4231952.112,/,5
5208,493636.6315,4231953.112,/,5
5209,493627.6315,4231958.112,/,5
5210,493617.6315,4231964.112,/,5
5211,493609.6315,4231966.112,/,5
5212,493597.6315,4231960.112,/,5
5213,493588.6315,4231961.112,/,5
5214,493578.6315,4231970.112,/,5
5215,493569.6315,4231973.112,/,5
5216,493559.6315,4231958.112,/,5
5301,493707.6315,4231954.112,/,5
5302,493697.6315,4231955.112,/,5
5303,493687.6315,4231953.112,/,5
5304,493677.6315,4231958.112,/,5
5305,493670.6315,4231960.112,/,5
5306,493655.6315,4231962.112,/,5
5307,493647.6315,4231965.112,/,5
5308,493639.6315,4231976.112,/,5
5309,493628.6315,4231976.112,/,5
5310,493618.6315,4231973.112,/,5
5311,493607.6315,4231972.112,/,5
5312,493600.6315,4231967.112,/,5
5313,493588.6315,4231974.112,/,5
5314,493581.6315,4231987.112,/,5
5315,493572.6315,4231988.112,/,5
5316,493560.6315,4231991.112,/,5
5401,493709.6315,4231964.112,/,5
5402,493700.6315,4231969.112,/,5
5403,493690.6315,4231973.112,/,5
5404,493683.6315,4231971.112,/,5
5405,493671.6315,4231976.112,/,5
5406,493661.6315,4231980.112,/,5
5407,493651.6315,4231980.112,/,5
5408,493639.6315,4231982.112,/,5
5409,493629.6315,4231976.112,/,5
5410,493622.6315,4231977.112,/,5
5411,493606.6315,4231979.112,/,5
5412,493604.6315,4231983.112,/,5
5413,493591.6315,4231982.112,/,5
5414,493584.6315,4231995.112,/,5
5415,493576.6315,4231997.112,/,5
5416,493562.6315,4232002.112,/,5
6101,493808.6315,4231379.112,/,6
6102,493799.6315,4231380.112,/,6
6103,493789.6315,4231383.112,/,6
6104,493781.6315,4231383.112,/,6
6105,493770.6315,4231387.112,/,6
6106,493760.6315,4231389.112,/,6
6107,493752.6315,4231391.112,/,6
6108,493745.6315,4231392.112,/,6
6109,493732.6315,4231397.112,/,6
6110,493724.6315,4231402.112,/,6
6111,493715.6315,4231408.112,/,6
6112,493702.6315,4231405.112,/,6
6113,493694.6315,4231405.112,/,6
6114,493684.6315,4231411.112,/,6
6115,493676.6315,4231413.112,/,6
6116,493665.6315,4231415.112,/,6
6201,493811.6315,4231387.112,/,6
6202,493801.6315,4231391.112,/,6
6203,493793.6315,4231392.112,/,6
6204,493773.6315,4231396.112,/,6
6205,493774.6315,4231394.112,/,6
6206,493761.6315,4231398.112,/,6
6207,493752.6315,4231400.112,/,6
6208,493749.6315,4231403.112,/,6
6209,493738.6315,4231405.112,/,6
6210,493726.6315,4231407.112,/,6
6211,493713.6315,4231413.112,/,6
6212,493703.6315,4231415.112,/,6
6213,493694.6315,4231418.112,/,6
6214,493686.6315,4231420.112,/,6
6215,493678.6315,4231422.112,/,6
6216,493670.6315,4231422.112,/,6
6301,493816.6315,4231395.112,/,6
6302,493797.6315,4231392.112,/,6
6303,493794.6315,4231398.112,/,6
6304,493785.6315,4231400.112,/,6
6305,493774.6315,4231407.112,/,6
6306,493768.6315,4231411.112,/,6
6307,493758.6315,4231411.112,/,6
6308,493746.6315,4231416.112,/,6
6309,493736.6315,4231419.112,/,6
6310,493729.6315,4231424.112,/,6
6311,493723.6315,4231425.112,/,6
6312,493707.6315,4231429.112,/,6
6313,493700.6315,4231430.112,/,6
6314,493690.6315,4231434.112,/,6
6315,493681.6315,4231439.112,/,6
6316,493671.6315,4231442.112,/,6
6401,493818.6315,4231407.112,/,6
6402,493806.6315,4231409.112,/,6
6403,493795.6315,4231411.112,/,6
6404,493785.6315,4231414.112,/,6
6405,493780.6315,4231418.112,/,6
6406,493768.6315,4231418.112,/,6
6407,493758.6315,4231419.112,/,6
6408,493749.6315,4231423.112,/,6
6409,493737.6315,4231426.112,/,6
6410,493726.6315,4231429.112,/,6
6411,493720.6315,4231435.112,/,6
6412,493708.6315,4231435.112,/,6
6413,493702.6315,4231437.112,/,6
6414,493693.6315,4231441.112,/,6
6415,493684.6315,4231444.112,/,6
6416,493672.6315,4231447.112,/,6
7101,493749.6315,4232492.112,/,7
7102,493741.6315,4232493.112,/,7
7103,493727.6315,4232491.112,/,7
7104,493717.6315,4232496.112,/,7
7105,493709.6315,4232497.112,/,7
7106,493697.6315,4232499.112,/,7
7107,493686.6315,4232500.112,/,7
7108,493678.6315,4232503.112,/,7
7109,493667.6315,4232512.112,/,7
7110,493659.6315,4232513.112,/,7
7111,493647.6315,4232515.112,/,7
7112,493638.6315,4232515.112,/,7
7113,493626.6315,4232517.112,/,7
7114,493615.6315,4232517.112,/,7
7115,493605.6315,4232523.112,/,7
7116,493598.6315,4232521.112,/,7
7201,493754.6315,4232503.112,/,7
7202,493739.6315,4232502.112,/,7
7203,493727.6315,4232502.112,/,7
7204,493717.6315,4232505.112,/,7
7205,493709.6315,4232506.112,/,7
7206,493697.6315,4232508.112,/,7
7207,493691.6315,4232507.112,/,7
7208,493682.6315,4232509.112,/,7
7209,493666.6315,4232521.112,/,7
7210,493661.6315,4232520.112,/,7
7211,493650.6315,4232522.112,/,7
7212,493642.6315,4232522.112,/,7
7213,493627.6315,4232528.112,/,7
7214,493616.6315,4232524.112,/,7
7215,493605.6315,4232529.112,/,7
7216,493599.6315,4232530.112,/,7
7301,493754.6315,4232504.112,/,7
7302,493741.6315,4232509.112,/,7
7303,493731.6315,4232511.112,/,7
7304,493724.6315,4232513.112,/,7
7305,493710.6315,4232518.112,/,7
7306,493700.6315,4232520.112,/,7
7307,493693.6315,4232526.112,/,7
7308,493679.6315,4232524.112,/,7
7309,493671.6315,4232525.112,/,7
7310,493661.6315,4232529.112,/,7
7311,493656.6315,4232531.112,/,7
7312,493645.6315,4232539.112,/,7
7313,493633.6315,4232536.112,/,7
7314,493625.6315,4232538.112,/,7
7315,493614.6315,4232540.112,/,7
7316,493602.6315,4232544.112,/,7
7401,493754.6315,4232520.112,/,7
7402,493747.6315,4232516.112,/,7
7403,493731.6315,4232523.112,/,7
7404,493727.6315,4232522.112,/,7
7405,493711.6315,4232531.112,/,7
7406,493703.6315,4232530.112,/,7
7407,493693.6315,4232534.112,/,7
7408,493682.6315,4232535.112,/,7
7409,493674.6315,4232537.112,/,7
7410,493666.6315,4232541.112,/,7
7411,493654.6315,4232544.112,/,7
7412,493641.6315,4232552.112,/,7
7413,493636.6315,4232544.112,/,7
7414,493626.6315,4232545.112,/,7
7415,493613.6315,4232550.112,/,7
7416,493604.6315,4232551.112,/,7
8101,494348.6315,4232478.112,/,8
8102,494337.6315,4232479.112,/,8
8103,494327.6315,4232482.112,/,8
8104,494318.6315,4232484.112,/,8
8105,494309.6315,4232485.112,/,8
8106,494299.6315,4232488.112,/,8
8107,494288.6315,4232489.112,/,8
8108,494278.6315,4232492.112,/,8
8109,494268.6315,4232494.112,/,8
8110,494259.6315,4232498.112,/,8
8111,494248.6315,4232502.112,/,8
8112,494239.6315,4232506.112,/,8
8113,494231.6315,4232510.112,/,8
8114,494220.6315,4232507.112,/,8
8115,494210.6315,4232510.112,/,8
8116,494200.6315,4232512.112,/,8
8201,494352.6315,4232489.112,/,8
8202,494341.6315,4232492.112,/,8
8203,494335.6315,4232490.112,/,8
8204,494321.6315,4232493.112,/,8
8205,494310.6315,4232497.112,/,8
8206,494304.6315,4232497.112,/,8
8207,494292.6315,4232499.112,/,8
8208,494284.6315,4232502.112,/,8
8209,494273.6315,4232505.112,/,8
8210,494261.6315,4232509.112,/,8
8211,494253.6315,4232513.112,/,8
8212,494243.6315,4232516.112,/,8
8213,494235.6315,4232519.112,/,8
8214,494223.6315,4232517.112,/,8
8215,494213.6315,4232518.112,/,8
8216,494201.6315,4232522.112,/,8
8301,494355.6315,4232494.112,/,8
8302,494347.6315,4232496.112,/,8
8303,494331.6315,4232500.112,/,8
8304,494324.6315,4232501.112,/,8
8305,494315.6315,4232502.112,/,8
8306,494306.6315,4232507.112,/,8
8307,494296.6315,4232508.112,/,8
8308,494285.6315,4232512.112,/,8
8309,494277.6315,4232516.112,/,8
8310,494266.6315,4232517.112,/,8
8311,494256.6315,4232518.112,/,8
8312,494247.6315,4232521.112,/,8
8313,494234.6315,4232524.112,/,8
8314,494225.6315,4232525.112,/,8
8315,494214.6315,4232526.112,/,8
8316,494202.6315,4232531.112,/,8
8401,494359.6315,4232504.112,/,8
8402,494346.6315,4232507.112,/,8
8403,494336.6315,4232511.112,/,8
8404,494326.6315,4232512.112,/,8
8405,494316.6315,4232509.112,/,8
8406,494309.6315,4232520.112,/,8
8407,494298.6315,4232518.112,/,8
8408,494289.6315,4232525.112,/,8
8409,494280.6315,4232527.112,/,8
8410,494267.6315,4232530.112,/,8
8411,494257.6315,4232531.112,/,8
8412,494248.6315,4232530.112,/,8
8413,494237.6315,4232533.112,/,8
8414,494225.6315,4232537.112,/,8
8415,494218.6315,4232538.112,/,8
8416,494205.6315,4232540.112,/,8
11101,494353.6315,4233061.112,/,11
11102,494343.6315,4233063.112,/,11
11103,494335.6315,4233064.112,/,11
11104,494324.6315,4233065.112,/,11
11105,494312.6315,4233065.112,/,11
11106,494304.6315,4233067.112,/,11
11107,494295.6315,4233071.112,/,11
11108,494286.6315,4233072.112,/,11
11109,494276.6315,4233074.112,/,11
11110,494267.6315,4233077.112,/,11
11111,494256.6315,4233080.112,/,11
11112,494245.6315,4233079.112,/,11
11113,494236.6315,4233082.112,/,11
11114,494226.6315,4233084.112,/,11
11115,494220.6315,4233084.112,/,11
11116,494206.6315,4233087.112,/,11
11201,494360.6315,4233071.112,/,11
11202,494350.6315,4233071.112,/,11
11203,494340.6315,4233073.112,/,11
11204,494329.6315,4233077.112,/,11
11205,494318.6315,4233075.112,/,11
11206,494308.6315,4233078.112,/,11
11207,494298.6315,4233080.112,/,11
11208,494287.6315,4233082.112,/,11
11209,494277.6315,4233083.112,/,11
11210,494270.6315,4233085.112,/,11
11211,494258.6315,4233087.112,/,11
11212,494248.6315,4233089.112,/,11
11213,494238.6315,4233092.112,/,11
11214,494230.6315,4233093.112,/,11
11215,494220.6315,4233095.112,/,11
11216,494209.6315,4233095.112,/,11
11301,494359.6315,4233076.112,/,11
11302,494348.6315,4233078.112,/,11
11303,494338.6315,4233080.112,/,11
11304,494331.6315,4233082.112,/,11
11305,494318.6315,4233084.112,/,11
11306,494307.6315,4233085.112,/,11
11307,494299.6315,4233087.112,/,11
11308,494289.6315,4233088.112,/,11
11309,494280.6315,4233088.112,/,11
11310,494271.6315,4233093.112,/,11
11311,494261.6315,4233095.112,/,11
11312,494252.6315,4233100.112,/,11
11313,494245.6315,4233102.112,/,11
11314,494233.6315,4233103.112,/,11
11315,494222.6315,4233105.112,/,11
11316,494213.6315,4233106.112,/,11
11401,494367.6315,4233090.112,/,11
11402,494350.6315,4233092.112,/,11
11403,494340.6315,4233093.112,/,11
11404,494332.6315,4233094.112,/,11
11405,494320.6315,4233098.112,/,11
11406,494310.6315,4233097.112,/,11
11407,494298.6315,4233099.112,/,11
11408,494291.6315,4233100.112,/,11
11409,494283.6315,4233103.112,/,11
11410,494274.6315,4233106.112,/,11
11411,494262.6315,4233106.112,/,11
11412,494256.6315,4233109.112,/,11
11413,494244.6315,4233111.112,/,11
11414,494230.6315,4233113.112,/,11
11415,494223.6315,4233114.112,/,11
11416,494212.6315,4233116.112,/,11
12101,495063.6315,4233062.112,/,12
12102,495055.6315,4233067.112,/,12
12103,495044.6315,4233069.112,/,12
12104,495034.6315,4233072.112,/,12
12105,495026.6315,4233075.112,/,12
12106,495014.6315,4233076.112,/,12
12107,495007.6315,4233077.112,/,12
12108,494993.6315,4233081.112,/,12
12109,494987.6315,4233085.112,/,12
12110,494975.6315,4233087.112,/,12
12111,494966.6315,4233089.112,/,12
12112,494956.6315,4233093.112,/,12
12113,494946.6315,4233096.112,/,12
12114,494936.6315,4233102.112,/,12
12115,494929.6315,4233106.112,/,12
12116,494916.6315,4233110.112,/,12
12201,495064.6315,4233074.112,/,12
12202,495055.6315,4233073.112,/,12
12203,495039.6315,4233077.112,/,12
12204,495034.6315,4233082.112,/,12
12205,495024.6315,4233084.112,/,12
12206,495015.6315,4233086.112,/,12
12207,495008.6315,4233089.112,/,12
12208,494997.6315,4233091.112,/,12
12209,494986.6315,4233098.112,/,12
12210,494975.6315,4233095.112,/,12
12211,494967.6315,4233100.112,/,12
12212,494955.6315,4233102.112,/,12
12213,494947.6315,4233107.112,/,12
12214,494938.6315,4233109.112,/,12
12215,494931.6315,4233121.112,/,12
12216,494921.6315,4233122.112,/,12
12301,495064.6315,4233090.112,/,12
12302,495056.6315,4233090.112,/,12
12303,495047.6315,4233094.112,/,12
12304,495038.6315,4233098.112,/,12
12305,495026.6315,4233093.112,/,12
12306,494941.6315,4233111.112,/,12
12307,495010.6315,4233100.112,/,12
12308,494997.6315,4233102.112,/,12
12309,494987.6315,4233105.112,/,12
12310,494980.6315,4233106.112,/,12
12311,494968.6315,4233113.112,/,12
12312,494959.6315,4233110.112,/,12
12313,494954.6315,4233120.112,/,12
12314,494940.6315,4233122.112,/,12
12315,494930.6315,4233122.112,/,12
12316,494918.6315,4233124.112,/,12
12401,495069.6315,4233100.112,/,12
12402,495058.6315,4233101.112,/,12
12403,495051.6315,4233101.112,/,12
12404,495039.6315,4233106.112,/,12
12405,495029.6315,4233109.112,/,12
12406,495019.6315,4233109.112,/,12
12407,495010.6315,4233113.112,/,12
12408,495001.6315,4233113.112,/,12
12409,494991.6315,4233116.112,/,12
12410,494980.6315,4233121.112,/,12
12411,494971.6315,4233124.112,/,12
12412,494962.6315,4233123.112,/,12
12413,494952.6315,4233128.112,/,12
12414,494943.6315,4233129.112,/,12
12415,494934.6315,4233133.112,/,12
12416,494923.6315,4233136.112,/,12
13101,494382.6315,4233603.112,/,13
13102,494374.6315,4233602.112,/,13
13103,494365.6315,4233602.112,/,13
13104,494355.6315,4233608.112,/,13
13105,494344.6315,4233611.112,/,13
13106,494334.6315,4233610.112,/,13
13107,494326.6315,4233614.112,/,13
13108,494316.6315,4233619.112,/,13
13109,494307.6315,4233621.112,/,13
13110,494297.6315,4233623.112,/,13
13111,494288.6315,4233626.112,/,13
13112,494278.6315,4233628.112,/,13
13113,494269.6315,4233631.112,/,13
13114,494259.6315,4233630.112,/,13
13115,494248.6315,4233637.112,/,13
13116,494236.6315,4233640.112,/,13
13201,494387.6315,4233608.112,/,13
13202,494373.6315,4233610.112,/,13
13203,494365.6315,4233615.112,/,13
13204,494353.6315,4233613.112,/,13
13205,494346.6315,4233617.112,/,13
13206,494337.6315,4233619.112,/,13
13207,494326.6315,4233621.112,/,13
13208,494316.6315,4233624.112,/,13
13209,494308.6315,4233627.112,/,13
13210,494299.6315,4233629.112,/,13
13211,494288.6315,4233632.112,/,13
13212,494278.6315,4233634.112,/,13
13213,494270.6315,4233638.112,/,13
13214,494260.6315,4233640.112,/,13
13215,494250.6315,4233643.112,/,13
13216,494239.6315,4233649.112,/,13
13301,494388.6315,4233620.112,/,13
13302,494380.6315,4233621.112,/,13
13303,494370.6315,4233624.112,/,13
13304,494357.6315,4233627.112,/,13
13305,494348.6315,4233630.112,/,13
13306,494338.6315,4233631.112,/,13
13307,494327.6315,4233634.112,/,13
13308,494318.6315,4233623.112,/,13
13309,494308.6315,4233625.112,/,13
13310,494305.6315,4233639.112,/,13
13311,494293.6315,4233641.112,/,13
13312,494283.6315,4233644.112,/,13
13313,494273.6315,4233646.112,/,13
13314,494265.6315,4233649.112,/,13
13315,494254.6315,4233652.112,/,13
13316,494239.6315,4233655.112,/,13
13401,494388.6315,4233627.112,/,13
13402,494379.6315,4233630.112,/,13
13403,494369.6315,4233634.112,/,13
13404,494360.6315,4233637.112,/,13
13405,494349.6315,4233639.112,/,13
13406,494338.6315,4233640.112,/,13
13407,494328.6315,4233643.112,/,13
13408,494319.6315,4233643.112,/,13
13409,494309.6315,4233646.112,/,13
13410,494299.6315,4233650.112,/,13
13411,494289.6315,4233653.112,/,13
13412,494281.6315,4233655.112,/,13
13413,494272.6315,4233657.112,/,13
13414,494263.6315,4233662.112,/,13
13415,494251.6315,4233663.112,/,13
13416,494240.6315,4233666.112,/,13
14101,494356.6315,4234034.112,/,14
14102,494347.6315,4234037.112,/,14
14103,494337.6315,4234040.112,/,14
14104,494328.6315,4234040.112,/,14
14105,494319.6315,4234042.112,/,14
14106,494308.6315,4234044.112,/,14
14107,494299.6315,4234047.112,/,14
14108,494288.6315,4234049.112,/,14
14109,494277.6315,4234051.112,/,14
14110,494269.6315,4234052.112,/,14
14111,494259.6315,4234056.112,/,14
14112,494250.6315,4234056.112,/,14
14113,494240.6315,4234059.112,/,14
14114,494231.6315,4234061.112,/,14
14115,494220.6315,4234063.112,/,14
14116,494210.6315,4234066.112,/,14
14201,494361.6315,4234041.112,/,14
14202,494351.6315,4234043.112,/,14
14203,494344.6315,4234045.112,/,14
14204,494331.6315,4234048.112,/,14
14205,494322.6315,4234049.112,/,14
14206,494312.6315,4234051.112,/,14
14207,494302.6315,4234053.112,/,14
14208,494293.6315,4234055.112,/,14
14209,494283.6315,4234058.112,/,14
14210,494274.6315,4234060.112,/,14
14211,494264.6315,4234063.112,/,14
14212,494254.6315,4234064.112,/,14
14213,494243.6315,4234066.112,/,14
14214,494234.6315,4234068.112,/,14
14215,494225.6315,4234071.112,/,14
14216,494215.6315,4234076.112,/,14
14301,494362.6315,4234052.112,/,14
14302,494353.6315,4234056.112,/,14
14303,494343.6315,4234057.112,/,14
14304,494334.6315,4234058.112,/,14
14305,494324.6315,4234062.112,/,14
14306,494312.6315,4234064.112,/,14
14307,494304.6315,4234063.112,/,14
14308,494294.6315,4234065.112,/,14
14309,494285.6315,4234068.112,/,14
14310,494274.6315,4234072.112,/,14
14311,494264.6315,4234073.112,/,14
14312,494256.6315,4234074.112,/,14
14313,494245.6315,4234076.112,/,14
14314,494234.6315,4234078.112,/,14
14315,494226.6315,4234082.112,/,14
14316,494207.6315,4234082.112,/,14
14401,494363.6315,4234063.112,/,14
14402,494257.6315,4234087.112,/,14
14403,494346.6315,4234070.112,/,14
14404,494332.6315,4234070.112,/,14
14405,494324.6315,4234072.112,/,14
14406,494316.6315,4234071.112,/,14
14407,494303.6315,4234075.112,/,14
14408,494292.6315,4234077.112,/,14
14409,494281.6315,4234078.112,/,14
14410,494273.6315,4234081.112,/,14
14411,494266.6315,4234085.112,/,14
14412,494257.6315,4234087.112,/,14
14413,494245.6315,4234089.112,/,14
14414,494236.6315,4234091.112,/,14
14415,494227.6315,4234094.112,/,14
14416,494217.6315,4234095.112,/,14
15101,493740.6315,4233174.112,/,15
15102,493730.6315,4233169.112,/,15
15103,493724.6315,4233177.112,/,15
15104,493710.6315,4233174.112,/,15
15105,493702.6315,4233175.112,/,15
15106,493690.6315,4233176.112,/,15
15107,493679.6315,4233181.112,/,15
15108,493672.6315,4233182.112,/,15
15109,493661.6315,4233184.112,/,15
15110,493650.6315,4233188.112,/,15
15111,493641.6315,4233190.112,/,15
15112,493632.6315,4233194.112,/,15
15113,493622.6315,4233195.112,/,15
15114,493613.6315,4233199.112,/,15
15115,493603.6315,4233203.112,/,15
15116,493594.6315,4233208.112,/,15
15201,493741.6315,4233177.112,/,15
15202,493733.6315,4233182.112,/,15
15203,493724.6315,4233186.112,/,15
15204,493714.6315,4233189.112,/,15
15205,493704.6315,4233190.112,/,15
15206,493695.6315,4233194.112,/,15
15207,493684.6315,4233192.112,/,15
15208,493673.6315,4233197.112,/,15
15209,493661.6315,4233199.112,/,15
15210,493652.6315,4233206.112,/,15
15211,493644.6315,4233204.112,/,15
15212,493635.6315,4233209.112,/,15
15213,493628.6315,4233210.112,/,15
15214,493619.6315,4233210.112,/,15
15215,493606.6315,4233219.112,/,15
15216,493597.6315,4233219.112,/,15
15301,493745.6315,4233194.112,/,15
15302,493734.6315,4233194.112,/,15
15303,493728.6315,4233193.112,/,15
15304,493715.6315,4233196.112,/,15
15305,493702.6315,4233203.112,/,15
15306,493696.6315,4233206.112,/,15
15307,493683.6315,4233205.112,/,15
15308,493671.6315,4233209.112,/,15
15309,493663.6315,4233208.112,/,15
15310,493655.6315,4233207.112,/,15
15311,493647.6315,4233209.112,/,15
15312,493636.6315,4233209.112,/,15
15313,493630.6315,4233208.112,/,15
15314,493617.6315,4233217.112,/,15
15315,493606.6315,4233222.112,/,15
15316,493597.6315,4233224.112,/,15
15401,493746.6315,4233205.112,/,15
15402,493740.6315,4233205.112,/,15
15403,493727.6315,4233209.112,/,15
15404,493715.6315,4233205.112,/,15
15405,493703.6315,4233209.112,/,15
15406,493696.6315,4233215.112,/,15
15407,493686.6315,4233215.112,/,15
15408,493679.6315,4233214.112,/,15
15409,493668.6315,4233219.112,/,15
15410,493658.6315,4233220.112,/,15
15411,493648.6315,4233222.112,/,15
15412,493642.6315,4233216.112,/,15
15413,493631.6315,4233220.112,/,15
15414,493626.6315,4233223.112,/,15
15415,493609.6315,4233231.112,/,15
15416,493598.6315,4233237.112,/,15
16101,493737.6315,4233633.112,/,16
16102,493731.6315,4233635.112,/,16
16103,493716.6315,4233637.112,/,16
16104,493709.6315,4233640.112,/,16
16105,493697.6315,4233642.112,/,16
16106,493687.6315,4233645.112,/,16
16107,493677.6315,4233647.112,/,16
16108,493669.6315,4233649.112,/,16
16109,493659.6315,4233651.112,/,16
16110,493650.6315,4233652.112,/,16
16111,493640.6315,4233655.112,/,16
16112,493629.6315,4233657.112,/,16
16113,493619.6315,4233660.112,/,16
16114,493608.6315,4233662.112,/,16
16115,493599.6315,4233663.112,/,16
16116,493591.6315,4233665.112,/,16
16201,493743.6315,4233639.112,/,16
16202,493730.6315,4233644.112,/,16
16203,493721.6315,4233643.112,/,16
16204,493713.6315,4233648.112,/,16
16205,493703.6315,4233648.112,/,16
16206,493693.6315,4233650.112,/,16
16207,493684.6315,4233654.112,/,16
16208,493674.6315,4233654.112,/,16
16209,493664.6315,4233656.112,/,16
16210,493654.6315,4233659.112,/,16
16211,493645.6315,4233661.112,/,16
16212,493634.6315,4233664.112,/,16
16213,493623.6315,4233667.112,/,16
16214,493614.6315,4233671.112,/,16
16215,493607.6315,4233671.112,/,16
16216,493596.6315,4233674.112,/,16
16301,493745.6315,4233652.112,/,16
16302,493734.6315,4233653.112,/,16
16303,493723.6315,4233654.112,/,16
16304,493713.6315,4233658.112,/,16
16305,493703.6315,4233659.112,/,16
16306,493694.6315,4233660.112,/,16
16307,493682.6315,4233664.112,/,16
16308,493672.6315,4233665.112,/,16
16309,493663.6315,4233667.112,/,16
16310,493653.6315,4233670.112,/,16
16311,493645.6315,4233671.112,/,16
16312,493635.6315,4233674.112,/,16
16313,493625.6315,4233676.112,/,16
16314,493615.6315,4233678.112,/,16
16315,493607.6315,4233680.112,/,16
16316,493595.6315,4233681.112,/,16
16401,493745.6315,4233659.112,/,16
16402,493731.6315,4233659.112,/,16
16403,493721.6315,4233660.112,/,16
16404,493714.6315,4233663.112,/,16
16405,493706.6315,4233665.112,/,16
16406,493687.6315,4233669.112,/,16
16407,493684.6315,4233672.112,/,16
16408,493676.6315,4233673.112,/,16
16409,493664.6315,4233676.112,/,16
16410,493654.6315,4233679.112,/,16
16411,493647.6315,4233681.112,/,16
16412,493637.6315,4233682.112,/,16
16413,493628.6315,4233684.112,/,16
16414,493619.6315,4233686.112,/,16
16415,493607.6315,4233689.112,/,16
16416,493597.6315,4233688.112,/,16
17101,493799.6315,4230870.112,/,17
17102,493790.6315,4230875.112,/,17
17103,493778.6315,4230881.112,/,17
17104,493771.6315,4230884.112,/,17
17105,493759.6315,4230886.112,/,17
17106,493748.6315,4230889.112,/,17
17107,493739.6315,4230892.112,/,17
17108,493729.6315,4230895.112,/,17
17109,493719.6315,4230898.112,/,17
17110,493711.6315,4230899.112,/,17
17111,493702.6315,4230903.112,/,17
17112,493692.6315,4230905.112,/,17
17113,493681.6315,4230908.112,/,17
17114,493673.6315,4230912.112,/,17
17115,493662.6315,4230914.112,/,17
17116,493653.6315,4230917.112,/,17
17201,493799.6315,4230882.112,/,17
17202,493791.6315,4230884.112,/,17
17203,493779.6315,4230886.112,/,17
17204,493770.6315,4230887.112,/,17
17205,493761.6315,4230892.112,/,17
17206,493753.6315,4230894.112,/,17
17207,493742.6315,4230896.112,/,17
17208,493730.6315,4230901.112,/,17
17209,493722.6315,4230903.112,/,17
17210,493712.6315,4230909.112,/,17
17211,493704.6315,4230911.112,/,17
17212,493691.6315,4230913.112,/,17
17213,493682.6315,4230915.112,/,17
17214,493674.6315,4230917.112,/,17
17215,493667.6315,4230920.112,/,17
17216,493659.6315,4230924.112,/,17
17301,493805.6315,4230888.112,/,17
17302,493796.6315,4230891.112,/,17
17303,493785.6315,4230896.112,/,17
17304,493776.6315,4230896.112,/,17
17305,493765.6315,4230901.112,/,17
17306,493754.6315,4230904.112,/,17
17307,493747.6315,4230905.112,/,17
17308,493735.6315,4230908.112,/,17
17309,493728.6315,4230910.112,/,17
17310,493718.6315,4230915.112,/,17
17311,493708.6315,4230917.112,/,17
17312,493694.6315,4230919.112,/,17
17313,493687.6315,4230923.112,/,17
17314,493678.6315,4230925.112,/,17
17315,493667.6315,4230929.112,/,17
17316,493656.6315,4230933.112,/,17
17401,493806.6315,4230905.112,/,17
17402,493795.6315,4230908.112,/,17
17403,493786.6315,4230909.112,/,17
17404,493779.6315,4230911.112,/,17
17405,493766.6315,4230910.112,/,17
17406,493758.6315,4230916.112,/,17
17407,493751.6315,4230919.112,/,17
17408,493737.6315,4230922.112,/,17
17409,493728.6315,4230925.112,/,17
17410,493717.6315,4230927.112,/,17
17411,493709.6315,4230930.112,/,17
17412,493699.6315,4230933.112,/,17
17413,493686.6315,4230935.112,/,17
17414,493678.6315,4230938.112,/,17
17415,493667.6315,4230939.112,/,17
17416,493660.6315,4230944.112,/,17
18101,494063.6315,4230101.112,/,18
18102,494046.6315,4230102.112,/,18
18103,494042.6315,4230101.112,/,18
18104,494032.6315,4230101.112,/,18
18105,494022.6315,4230106.112,/,18
18106,494013.6315,4230108.112,/,18
18107,494002.6315,4230109.112,/,18
18108,493992.6315,4230112.112,/,18
18109,493980.6315,4230117.112,/,18
18110,493970.6315,4230118.112,/,18
18111,493963.6315,4230122.112,/,18
18112,493950.6315,4230121.112,/,18
18113,493944.6315,4230129.112,/,18
18114,493935.6315,4230129.112,/,18
18115,493925.6315,4230133.112,/,18
18116,493911.6315,4230137.112,/,18
18201,494061.6315,4230113.112,/,18
18202,494055.6315,4230113.112,/,18
18203,494044.6315,4230116.112,/,18
18204,494036.6315,4230117.112,/,18
18205,494024.6315,4230118.112,/,18
18206,494015.6315,4230117.112,/,18
18207,494005.6315,4230119.112,/,18
18208,493994.6315,4230123.112,/,18
18209,493984.6315,4230124.112,/,18
18210,493974.6315,4230128.112,/,18
18211,493964.6315,4230128.112,/,18
18212,493953.6315,4230130.112,/,18
18213,493944.6315,4230136.112,/,18
18214,493934.6315,4230137.112,/,18
18215,493928.6315,4230142.112,/,18
18216,493917.6315,4230141.112,/,18
18301,494066.6315,4230121.112,/,18
18302,494055.6315,4230118.112,/,18
18303,494045.6315,4230124.112,/,18
18304,494033.6315,4230123.112,/,18
18305,494024.6315,4230127.112,/,18
18306,494014.6315,4230129.112,/,18
18307,494006.6315,4230128.112,/,18
18308,493998.6315,4230133.112,/,18
18309,493986.6315,4230133.112,/,18
18310,493977.6315,4230138.112,/,18
18311,493963.6315,4230139.112,/,18
18312,493955.6315,4230143.112,/,18
18313,493947.6315,4230144.112,/,18
18314,493933.6315,4230155.112,/,18
18315,493928.6315,4230153.112,/,18
18316,493921.6315,4230158.112,/,18
18401,494067.6315,4230128.112,/,18
18402,494056.6315,4230132.112,/,18
18403,494049.6315,4230135.112,/,18
18404,494039.6315,4230133.112,/,18
18405,494026.6315,4230138.112,/,18
18406,494018.6315,4230140.112,/,18
18407,494007.6315,4230139.112,/,18
18408,493996.6315,4230140.112,/,18
18409,493990.6315,4230144.112,/,18
18410,493980.6315,4230146.112,/,18
18411,493971.6315,4230150.112,/,18
18412,493958.6315,4230152.112,/,18
18413,493946.6315,4230157.112,/,18
18414,493939.6315,4230161.112,/,18
18415,493933.6315,4230162.112,/,18
18416,493924.6315,4230170.112,/,18
19101,494464.6315,4231095.112,/,19
19102,494454.6315,4231095.112,/,19
19103,494445.6315,4231096.112,/,19
19104,494436.6315,4231100.112,/,19
19105,494424.6315,4231102.112,/,19
19106,494415.6315,4231104.112,/,19
19107,494405.6315,4231107.112,/,19
19108,494395.6315,4231109.112,/,19
19109,494385.6315,4231112.112,/,19
19110,494374.6315,4231113.112,/,19
19111,494365.6315,4231117.112,/,19
19112,494354.6315,4231119.112,/,19
19113,494347.6315,4231122.112,/,19
19114,494338.6315,4231124.112,/,19
19115,494326.6315,4231126.112,/,19
19116,494318.6315,4231127.112,/,19
19201,494471.6315,4231105.112,/,19
19202,494460.6315,4231108.112,/,19
19203,494452.6315,4231108.112,/,19
19204,494442.6315,4231109.112,/,19
19205,494434.6315,4231110.112,/,19
19206,494421.6315,4231115.112,/,19
19207,494410.6315,4231117.112,/,19
19208,494402.6315,4231119.112,/,19
19209,494391.6315,4231122.112,/,19
19210,494383.6315,4231123.112,/,19
19211,494373.6315,4231126.112,/,19
19212,494360.6315,4231129.112,/,19
19213,494350.6315,4231132.112,/,19
19214,494341.6315,4231132.112,/,19
19215,494332.6315,4231132.112,/,19
19216,494323.6315,4231136.112,/,19
19301,494470.6315,4231114.112,/,19
19302,494460.6315,4231118.112,/,19
19303,494450.6315,4231118.112,/,19
19304,494439.6315,4231119.112,/,19
19305,494430.6315,4231122.112,/,19
19306,494422.6315,4231122.112,/,19
19307,494410.6315,4231127.112,/,19
19308,494399.6315,4231129.112,/,19
19309,494389.6315,4231134.112,/,19
19310,494380.6315,4231135.112,/,19
19311,494373.6315,4231135.112,/,19
19312,494361.6315,4231138.112,/,19
19313,494352.6315,4231142.112,/,19
19314,494341.6315,4231141.112,/,19
19315,494334.6315,4231146.112,/,19
19316,494323.6315,4231148.112,/,19
19401,494475.6315,4231124.112,/,19
19402,494463.6315,4231126.112,/,19
19403,494453.6315,4231127.112,/,19
19404,494446.6315,4231129.112,/,19
19405,494436.6315,4231131.112,/,19
19406,494426.6315,4231134.112,/,19
19407,494416.6315,4231138.112,/,19
19408,494404.6315,4231140.112,/,19
19409,494396.6315,4231141.112,/,19
19410,494386.6315,4231142.112,/,19
19411,494372.6315,4231145.112,/,19
19412,494405.6315,4231148.112,/,19
19413,494354.6315,4231151.112,/,19
19414,494342.6315,4231152.112,/,19
19415,494336.6315,4231153.112,/,19
19416,494327.6315,4231155.112,/,19
20101,493949.6315,4230485.112,/,20
20102,493939.6315,4230489.112,/,20
20103,493931.6315,4230491.112,/,20
20104,493919.6315,4230491.112,/,20
20105,493912.6315,4230495.112,/,20
20106,493898.6315,4230499.112,/,20
20107,493890.6315,4230499.112,/,20
20108,493882.6315,4230502.112,/,20
20109,493875.6315,4230505.112,/,20
20110,493861.6315,4230506.112,/,20
20111,493852.6315,4230509.112,/,20
20112,493842.6315,4230512.112,/,20
20113,493833.6315,4230514.112,/,20
20114,493824.6315,4230517.112,/,20
20115,493815.6315,4230518.112,/,20
20116,493804.6315,4230519.112,/,20
20201,493951.6315,4230499.112,/,20
20202,493940.6315,4230501.112,/,20
20203,493932.6315,4230506.112,/,20
20204,493920.6315,4230507.112,/,20
20205,493910.6315,4230509.112,/,20
20206,493902.6315,4230511.112,/,20
20207,493891.6315,4230513.112,/,20
20208,493881.6315,4230513.112,/,20
20209,493872.6315,4230518.112,/,20
20210,493863.6315,4230519.112,/,20
20211,493853.6315,4230524.112,/,20
20212,493844.6315,4230527.112,/,20
20213,493834.6315,4230527.112,/,20
20214,493824.6315,4230530.112,/,20
20215,493814.6315,4230529.112,/,20
20216,493805.6315,4230532.112,/,20
20301,493955.6315,4230508.112,/,20
20302,493943.6315,4230512.112,/,20
20303,493936.6315,4230514.112,/,20
20304,493924.6315,4230517.112,/,20
20305,493912.6315,4230518.112,/,20
20306,493905.6315,4230521.112,/,20
20307,493893.6315,4230523.112,/,20
20308,493884.6315,4230526.112,/,20
20309,493876.6315,4230527.112,/,20
20310,493866.6315,4230531.112,/,20
20311,493854.6315,4230533.112,/,20
20312,493847.6315,4230535.112,/,20
20313,493838.6315,4230536.112,/,20
20314,493827.6315,4230539.112,/,20
20315,493817.6315,4230541.112,/,20
20316,493807.6315,4230544.112,/,20
20401,493951.6315,4230519.112,/,20
20402,493942.6315,4230522.112,/,20
20403,493936.6315,4230525.112,/,20
20404,493924.6315,4230527.112,/,20
20405,493915.6315,4230528.112,/,20
20406,493906.6315,4230531.112,/,20
20407,493894.6315,4230533.112,/,20
20408,493887.6315,4230537.112,/,20
20409,493876.6315,4230540.112,/,20
20410,493866.6315,4230541.112,/,20
20411,493857.6315,4230541.112,/,20
20412,493846.6315,4230545.112,/,20
20413,493839.6315,4230546.112,/,20
20414,493831.6315,4230548.112,/,20
20415,493817.6315,4230550.112,/,20
20416,493810.6315,4230553.112,/,20
